chembl_id,smiles,pchembl,n_measurements,pchembl_spread,active
CHEMBL5409558,CC(C)C1CN(C(=O)c2ccc(C(=O)N3C[C@@H](C(=O)N[C@H]4C[C@@H]4c4ccccc4)[C@H](C(=O)N[C@H]4C[C@@H]4c4ccccc4)C3)cc2)CC1C(=O)N[C@H]1C[C@@H]1c1ccccc1,6.15,1,0.0,1
CHEMBL5437599,CC(C)CC1CN(C(=O)c2ccc(C(=O)N3C[C@@H](C(=O)N[C@H]4C[C@@H]4c4ccccc4)[C@H](C(=O)N[C@H]4C[C@@H]4c4ccccc4)C3)cc2)CC1C(=O)N[C@H]1C[C@@H]1c1ccccc1,6.54,1,0.0,1
CHEMBL5078772,CC(C)COC(=O)c1c(NC(=S)Nc2cccc3ccccc23)sc2c1CCC2,4.55,1,0.0,0
CHEMBL5087088,CC(C)COC(=O)c1c(NC(=S)Nc2cccc3ccccc23)sc2c1CCCC2,4.52,1,0.0,0
CHEMBL4468048,CC(C)OC(=O)c1c(NC(=O)N2CCN(C)CC2)sc2c1CCC2,5.34,1,0.0,1
CHEMBL4473216,CC(C)OC(=O)c1c(NC(=S)N2CCN(C)CC2)sc2c1CCC2,4.79,1,0.0,0
CHEMBL4446272,CC(C)OC(=O)c1c(NC(=S)N2CCN(C)CC2)sc2c1CCCC2,4.34,1,0.0,0
CHEMBL5092787,CC(C)OC(=O)c1c(NC(=S)Nc2ccc(Br)c3ccccc23)sc2c1CCC2,7.41,1,0.0,1
CHEMBL5084309,CC(C)OC(=O)c1c(NC(=S)Nc2ccc(Br)c3ccccc23)sc2c1CCCC2,7.32,1,0.0,1
CHEMBL5088133,CC(C)OC(=O)c1c(NC(=S)Nc2ccc(F)c3ccccc23)sc2c1CCCC2,7.46,1,0.0,1
CHEMBL5081498,CC(C)OC(=O)c1c(NC(=S)Nc2cccc3ccccc23)sc2c1CCC2,6.75,1,0.0,1
CHEMBL5075033,CC(C)OC(=O)c1c(NC(=S)Nc2cccc3ccccc23)sc2c1CCCC2,6.85,1,0.0,1
CHEMBL5087765,CC(C)OC(=O)c1c(NC(=S)Nc2cccc3ccccc23)sc2c1CCCCC2,5.65,1,0.0,1
CHEMBL1923538,CC/C=C\C/C=C\C/C=C\CCCCCCCC(=O)OC[C@H](CSC[C@H](N)C(=O)NCC(=O)OC(C)C)OC(=O)CCCCCCC/C=C\C/C=C\C/C=C\CC,9.06,1,0.0,1
CHEMBL5074635,CC1CCc2c(sc(NC(=S)Nc3cccc4ccccc34)c2C(=O)OC(C)C)C1,5.77,1,0.0,1
CHEMBL4464681,CC1CCc2cc(F)cc3c(O)c(C(=O)NC4CCc5ncccc54)c(=O)n1c23,5.52,1,0.0,1
CHEMBL4514785,CC1CCc2cc(F)cc3c(O)c(C(=O)NCCc4cccnc4)c(=O)n1c23,5.800000000000001,2,0.14,1
CHEMBL4465403,CC1CCc2cc(F)cc3c(O)c(C(=O)NCc4ccc(Cl)nc4)c(=O)n1c23,5.3,1,0.0,1
CHEMBL4469379,CC1CCc2cc(F)cc3c(O)c(C(=O)NCc4ccc(N)nc4)c(=O)n1c23,5.8100000000000005,2,1.38,1
CHEMBL4443960,CC1CCc2cc(F)cc3c(O)c(C(=O)NCc4cccnc4)c(=O)n1c23,6.52,3,0.65,1
CHEMBL4436542,CC1CCc2cc(F)cc3c(O)c(C(=O)NCc4cccnc4N(C)C)c(=O)n1c23,5.505,2,0.01,1
CHEMBL4522351,CC1CCc2cc(F)cc3c(O)c(C(=O)NCc4cncc(F)c4)c(=O)n1c23,5.67,2,0.66,1
CHEMBL5412350,CC1CN(C(=O)c2ccc(C(=O)N3C[C@@H](C(=O)N[C@H]4C[C@@H]4c4ccccc4)[C@H](C(=O)N[C@H]4C[C@@H]4c4ccccc4)C3)cc2)CC1C(=O)N[C@H]1C[C@@H]1c1ccccc1,6.16,1,0.0,1
CHEMBL5421254,CCC1CN(C(=O)c2ccc(C(=O)N3C[C@@H](C(=O)N[C@H]4C[C@@H]4c4ccccc4)[C@H](C(=O)N[C@H]4C[C@@H]4c4ccccc4)C3)cc2)CC1C(=O)N[C@H]1C[C@@H]1c1ccccc1,6.29,1,0.0,1
CHEMBL5408351,CCCC1CN(C(=O)c2ccc(C(=O)N3C[C@@H](C(=O)N[C@H]4C[C@@H]4c4ccccc4)[C@H](C(=O)N[C@H]4C[C@@H]4c4ccccc4)C3)cc2)CC1C(=O)N[C@H]1C[C@@H]1c1ccccc1,6.97,1,0.0,1
CHEMBL1923537,CCCCC/C=C\C/C=C\CCCCCCCC(=O)OC[C@H](CSC[C@H](N)C(=O)NCC(=O)OC(C)C)OC(=O)CCCCCCC/C=C\C/C=C\CCCCC,9.0,1,0.0,1
CHEMBL5436471,CCCCC1CN(C(=O)c2ccc(C(=O)N3CC(CCCC)[C@H](C(=O)N[C@H]4C[C@@H]4c4ccccc4)C3)cc2)CC1C(=O)N[C@H]1C[C@@H]1c1ccccc1,5.82,1,0.0,1
CHEMBL5425244,CCCCC1CN(C(=O)c2ccc(C(=O)N3C[C@@H](C(=O)N[C@H]4C[C@@H]4c4ccccc4)[C@H](C(=O)N[C@H]4C[C@@H]4c4ccccc4)C3)cc2)CC1C(=O)N[C@H]1C[C@@H]1c1ccccc1,7.43,1,0.0,1
CHEMBL5268819,CCCCCCCC(=O)OC[C@H](CSC[C@@H](N)C(=O)NCCOCCOCCOCCP(=O)(O)O)OC(=O)CCCCCCC,5.52,2,0.0,1
CHEMBL5272586,CCCCCCCCCC(=O)OC[C@H](CSC[C@@H](N)C(=O)NCCOCCOCCOCCP(=O)(O)O)OC(=O)CCCCCCCCC,5.84,2,0.0,1
CHEMBL5282436,CCCCCCCCCCCC(=O)OC[C@H](CSC[C@@H](N)C(=O)NC(C)(C)CO)OC(=O)CCCCCCCCCCC,4.81,1,0.0,0
CHEMBL5289199,CCCCCCCCCCCC(=O)OC[C@H](CSC[C@@H](N)C(=O)NC(C)CCC(C)C)OC(=O)CCCCCCCCCCC,6.72,1,0.0,1
CHEMBL5291210,CCCCCCCCCCCC(=O)OC[C@H](CSC[C@@H](N)C(=O)NC(C)CCN(CC)CC)OC(=O)CCCCCCCCCCC,6.59,1,0.0,1
CHEMBL5277886,CCCCCCCCCCCC(=O)OC[C@H](CSC[C@@H](N)C(=O)NC(C)CCc1ccccc1)OC(=O)CCCCCCCCCCC,6.8,1,0.0,1
CHEMBL5284241,CCCCCCCCCCCC(=O)OC[C@H](CSC[C@@H](N)C(=O)NC(C)c1ccc(O)cc1)OC(=O)CCCCCCCCCCC,5.54,1,0.0,1
CHEMBL5270949,CCCCCCCCCCCC(=O)OC[C@H](CSC[C@@H](N)C(=O)NC(C)c1ccccc1)OC(=O)CCCCCCCCCCC,5.0,1,0.0,1
CHEMBL5267321,CCCCCCCCCCCC(=O)OC[C@H](CSC[C@@H](N)C(=O)NC(CC)COC)OC(=O)CCCCCCCCCCC,7.14,1,0.0,1
CHEMBL5288716,CCCCCCCCCCCC(=O)OC[C@H](CSC[C@@H](N)C(=O)NC(Cc1ccccc1)c1ccccc1)OC(=O)CCCCCCCCCCC,7.17,1,0.0,1
CHEMBL5285404,CCCCCCCCCCCC(=O)OC[C@H](CSC[C@@H](N)C(=O)NC1(CO)CC1)OC(=O)CCCCCCCCCCC,6.58,1,0.0,1
CHEMBL5282681,CCCCCCCCCCCC(=O)OC[C@H](CSC[C@@H](N)C(=O)NC1(COCCCP(=O)(O)O)CC1)OC(=O)CCCCCCCCCCC,6.78,1,0.0,1
CHEMBL5277225,CCCCCCCCCCCC(=O)OC[C@H](CSC[C@@H](N)C(=O)NCC(C)c1ccccc1)OC(=O)CCCCCCCCCCC,6.09,1,0.0,1
CHEMBL5270948,CCCCCCCCCCCC(=O)OC[C@H](CSC[C@@H](N)C(=O)NCCCC(C)(C)CO)OC(=O)CCCCCCCCCCC,4.51,1,0.0,0
CHEMBL5281185,CCCCCCCCCCCC(=O)OC[C@H](CSC[C@@H](N)C(=O)NCCCC(F)(F)P(=O)(O)O)OC(=O)CCCCCCCCCCC,6.6,1,0.0,1
CHEMBL5269856,CCCCCCCCCCCC(=O)OC[C@H](CSC[C@@H](N)C(=O)NCCCCCC(=O)O)OC(=O)CCCCCCCCCCC,6.97,1,0.0,1
CHEMBL5271371,CCCCCCCCCCCC(=O)OC[C@H](CSC[C@@H](N)C(=O)NCCCCCCCCCC(=O)O)OC(=O)CCCCCCCCCCC,5.36,1,0.0,1
CHEMBL5278761,CCCCCCCCCCCC(=O)OC[C@H](CSC[C@@H](N)C(=O)NCCCCCCN)OC(=O)CCCCCCCCCCC,5.91,1,0.0,1
CHEMBL5291186,CCCCCCCCCCCC(=O)OC[C@H](CSC[C@@H](N)C(=O)NCCCCCCO)OC(=O)CCCCCCCCCCC,7.48,1,0.0,1
CHEMBL5291447,CCCCCCCCCCCC(=O)OC[C@H](CSC[C@@H](N)C(=O)NCCCCCN)OC(=O)CCCCCCCCCCC,5.91,1,0.0,1
CHEMBL5286048,CCCCCCCCCCCC(=O)OC[C@H](CSC[C@@H](N)C(=O)NCCCCN)OC(=O)CCCCCCCCCCC,5.98,1,0.0,1
CHEMBL5278491,CCCCCCCCCCCC(=O)OC[C@H](CSC[C@@H](N)C(=O)NCCCN)OC(=O)CCCCCCCCCCC,5.71,1,0.0,1
CHEMBL5287385,CCCCCCCCCCCC(=O)OC[C@H](CSC[C@@H](N)C(=O)NCCCOCCCCOCCCCN)OC(=O)CCCCCCCCCCC,6.09,1,0.0,1
CHEMBL5290185,CCCCCCCCCCCC(=O)OC[C@H](CSC[C@@H](N)C(=O)NCCCOCCOCCOCCCN)OC(=O)CCCCCCCCCCC,6.3,1,0.0,1
CHEMBL5280631,CCCCCCCCCCCC(=O)OC[C@H](CSC[C@@H](N)C(=O)NCCCOCCOCCOCCCNC(=O)C(N)CS)OC(=O)CCCCCCCCCCC,6.61,1,0.0,1
CHEMBL5272662,CCCCCCCCCCCC(=O)OC[C@H](CSC[C@@H](N)C(=O)NCCCP(=O)(O)O)OC(=O)CCCCCCCCCCC,6.36,1,0.0,1
CHEMBL5284838,CCCCCCCCCCCC(=O)OC[C@H](CSC[C@@H](N)C(=O)NCCCS(=O)(=O)O)OC(=O)CCCCCCCCCCC,5.25,1,0.0,1
CHEMBL5272378,CCCCCCCCCCCC(=O)OC[C@H](CSC[C@@H](N)C(=O)NCCCn1ccnc1)OC(=O)CCCCCCCCCCC,6.39,1,0.0,1
CHEMBL5272352,CCCCCCCCCCCC(=O)OC[C@H](CSC[C@@H](N)C(=O)NCCN)OC(=O)CCCCCCCCCCC,5.28,1,0.0,1
CHEMBL5279059,CCCCCCCCCCCC(=O)OC[C@H](CSC[C@@H](N)C(=O)NCCN1CCOCC1)OC(=O)CCCCCCCCCCC,6.15,1,0.0,1
CHEMBL5285339,CCCCCCCCCCCC(=O)OC[C@H](CSC[C@@H](N)C(=O)NCCO)OC(=O)CCCCCCCCCCC,7.62,1,0.0,1
CHEMBL5283567,CCCCCCCCCCCC(=O)OC[C@H](CSC[C@@H](N)C(=O)NCCOCCC(F)(F)P(=O)(O)O)OC(=O)CCCCCCCCCCC,7.85,1,0.0,1
CHEMBL5265980,CCCCCCCCCCCC(=O)OC[C@H](CSC[C@@H](N)C(=O)NCCOCCOCCC(F)(F)P(=O)(O)O)OC(=O)CCCCCCCCCCC,7.51,1,0.0,1
CHEMBL5278914,CCCCCCCCCCCC(=O)OC[C@H](CSC[C@@H](N)C(=O)NCCOCCOCCN)OC(=O)CCCCCCCCCCC,5.89,1,0.0,1
CHEMBL5289539,CCCCCCCCCCCC(=O)OC[C@H](CSC[C@@H](N)C(=O)NCCOCCOCCOCCC(=O)O)OC(=O)CCCCCCCCCCC,6.05,1,0.0,1
CHEMBL5282528,CCCCCCCCCCCC(=O)OC[C@H](CSC[C@@H](N)C(=O)NCCOCCOCCOCCOCCP(=O)(O)O)OC(=O)CCCCCCCCCCC,7.42,1,0.0,1
CHEMBL5284081,CCCCCCCCCCCC(=O)OC[C@H](CSC[C@@H](N)C(=O)NCCOCCOCCOCCP(=O)(O)O)OC(=O)CCCCCCCCCCC,6.57,1,0.0,1
CHEMBL5272658,CCCCCCCCCCCC(=O)OC[C@H](CSC[C@@H](N)C(=O)NCCOCCOCCP(=O)(O)O)OC(=O)CCCCCCCCCCC,7.29,1,0.0,1
CHEMBL5290526,CCCCCCCCCCCC(=O)OC[C@H](CSC[C@@H](N)C(=O)NCCOCCOS(=O)(=O)O)OC(=O)CCCCCCCCCCC,7.21,1,0.0,1
CHEMBL5286724,CCCCCCCCCCCC(=O)OC[C@H](CSC[C@@H](N)C(=O)NCCOCCP(=O)(O)O)OC(=O)CCCCCCCCCCC,6.92,1,0.0,1
CHEMBL5277061,CCCCCCCCCCCC(=O)OC[C@H](CSC[C@@H](N)C(=O)NCCc1ccc(O)cc1)OC(=O)CCCCCCCCCCC,5.33,1,0.0,1
CHEMBL5283763,CCCCCCCCCCCC(=O)OC[C@H](CSC[C@@H](N)C(=O)NCCc1ccc(OCCC(C)C)cc1)OC(=O)CCCCCCCCCCC,5.09,1,0.0,1
CHEMBL5284182,CCCCCCCCCCCC(=O)OC[C@H](CSC[C@@H](N)C(=O)NCCc1ccc(OCCCP(=O)(O)O)cc1)OC(=O)CCCCCCCCCCC,6.39,1,0.0,1
CHEMBL5270215,CCCCCCCCCCCC(=O)OC[C@H](CSC[C@@H](N)C(=O)NCCc1ccc(OCCOCCO)cc1)OC(=O)CCCCCCCCCCC,4.82,1,0.0,0
CHEMBL5280723,CCCCCCCCCCCC(=O)OC[C@H](CSC[C@@H](N)C(=O)NCCc1ccc(Oc2ccccc2)cc1)OC(=O)CCCCCCCCCCC,5.39,1,0.0,1
CHEMBL5269580,CCCCCCCCCCCC(=O)OC[C@H](CSC[C@@H](N)C(=O)NCCc1ccccc1)OC(=O)CCCCCCCCCCC,5.86,1,0.0,1
CHEMBL5290145,CCCCCCCCCCCC(=O)OC[C@H](CSC[C@@H](N)C(=O)NCCc1ccccn1)OC(=O)CCCCCCCCCCC,5.88,1,0.0,1
CHEMBL5278184,CCCCCCCCCCCC(=O)OC[C@H](CSC[C@@H](N)C(=O)NCCc1cccnc1)OC(=O)CCCCCCCCCCC,8.36,1,0.0,1
CHEMBL5266820,CCCCCCCCCCCC(=O)OC[C@H](CSC[C@@H](N)C(=O)NCCc1ccncc1)OC(=O)CCCCCCCCCCC,6.84,1,0.0,1
CHEMBL5289004,CCCCCCCCCCCC(=O)OC[C@H](CSC[C@@H](N)C(=O)N[C@@H](C)CO)OC(=O)CCCCCCCCCCC,5.81,1,0.0,1
CHEMBL5290096,CCCCCCCCCCCC(=O)OC[C@H](CSC[C@@H](N)C(=O)N[C@@H](C)[C@H](O)c1ccccc1)OC(=O)CCCCCCCCCCC,7.4,1,0.0,1
CHEMBL5284394,CCCCCCCCCCCC(=O)OC[C@H](CSC[C@@H](N)C(=O)N[C@@H](CC)COCC(=O)O)OC(=O)CCCCCCCCCCC,5.19,1,0.0,1
CHEMBL5280491,CCCCCCCCCCCC(=O)OC[C@H](CSC[C@@H](N)C(=O)N[C@@H](CO)C(=O)NCCOCCOCCOCCC(=O)O)OC(=O)CCCCCCCCCCC,5.31,1,0.0,1
CHEMBL5277420,CCCCCCCCCCCC(=O)OC[C@H](CSC[C@@H](N)C(=O)N[C@H](C)CO)OC(=O)CCCCCCCCCCC,4.65,1,0.0,0
CHEMBL5266345,CCCCCCCCCCCC(=O)OC[C@H](CSC[C@@H](N)C(=O)N[C@H](C)COCCCP(=O)(O)O)OC(=O)CCCCCCCCCCC,7.72,1,0.0,1
CHEMBL1923540,CCCCCCCCCCCC(=O)OC[C@H](CSC[C@H](N)C(=O)N[C@@H](CO)C(=O)O)OC(=O)CCCCCCCCCCC,8.19,1,0.0,1
CHEMBL6042468,CCCCCCCCCCCC(=O)O[C@H](CCCCCCCCCCC)CC(=O)OCCSC[C@H](NC(C)=O)C(=O)N[C@@H](CO)C(=O)OC,4.68,1,0.0,0
CHEMBL5284309,CCCCCCCCCCCCCC(=O)OC[C@H](CSC[C@@H](N)C(=O)NCCOCCOCCOCCP(=O)(O)O)OC(=O)CCCCCCCCCCCCC,8.2,2,0.0,1
CHEMBL1923541,CCCCCCCCCCCCCC(=O)OC[C@H](CSC[C@H](N)C(=O)N[C@@H](CO)C(=O)O)OC(=O)CCCCCCCCCCCCC,9.25,1,0.0,1
CHEMBL5775193,CCCCCCCCCCCCCC(=O)O[C@H](CCCCCCCCCCC)CC(=O)OCCSC[C@H](NC(C)=O)C(=O)N[C@@H](CO)C(=O)OC,5.02,1,0.0,1
CHEMBL5921271,CCCCCCCCCCCCCCCC(=O)NCCSC[C@H](NC(C)=O)C(=O)N[C@@H](CO)C(=O)OC,4.93,1,0.0,0
CHEMBL4574268,CCCCCCCCCCCCCCCC(=O)N[C@@H](CSC[C@@H](COC(=O)CCCCCCCCCCCCCCC)OC(=O)CCCCCCCCCCCCCCC)C(=O)N[C@@H](CO)C(=O)N[C@@H](CCCCN)C(=O)N[C@@H](CCCCN)C(=O)N[C@@H](CCCCN)C(=O)N[C@@H](CCCCN)C(=O)N[C@@H](CO)C(=O)N[C@@H](CC(C)C)C(=O)N[C@@H](CC(C)C)C(=O)N[C@@H](CCSC)C(=O)N[C@@H](Cc1c[nH]c2ccccc12)C(=O)N[C@H](C(=O)N[C@H](C(=O)N[C@@H](CCC(N)=O)C(=O)N[C@H](C(=O)O)C(C)C)[C@@H](C)O)[C@@H](C)CC,7.64,1,0.0,1
CHEMBL2179399,CCCCCCCCCCCCCCCC(=O)N[C@@H](CSC[C@@H](COC(=O)CCCCCCCCCCCCCCC)OC(=O)CCCCCCCCCCCCCCC)C(=O)N[C@@H](CO)C(=O)N[C@@H](CCCCN)C(=O)N[C@@H](CCCCN)C(=O)N[C@@H](CCCCN)C(=O)N[C@@H](CCCCN)C(=O)O,7.64,1,0.0,1
CHEMBL4463804,CCCCCCCCCCCCCCCC(=O)N[C@@H](CSC[C@H](COC(=O)CCCCCCCCCCCCCCC)OC(=O)CCCCCCCCCCCCCCC)C(=O)N[C@@H](CO)C(=O)N[C@@H](CCCCN)C(=O)N[C@@H](CCCCN)C(=O)N[C@@H](CCCCN)C(=O)N[C@@H](CCCCN)C(=O)N[C@@H](CO)C(=O)N[C@@H](CC(C)C)C(=O)N[C@@H](CC(C)C)C(=O)N[C@@H](CCSC)C(=O)N[C@@H](Cc1c[nH]c2ccccc12)C(=O)N[C@H](C(=O)N[C@H](C(=O)N[C@@H](CCC(N)=O)C(=O)N[C@H](C(=O)O)C(C)C)[C@@H](C)O)[C@@H](C)CC,6.79,1,0.0,1
CHEMBL5282629,CCCCCCCCCCCCCCCC(=O)N[C@@H](SC[C@@H](COC(=O)CCCCCCCCCCCCCCC)OC(=O)CCCCCCCCCCCCCCC)C(=O)N[C@@H](CO)C(=O)N[C@@H](CCCCN)C(=O)N[C@@H](CCCCN)C(=O)N[C@@H](CCCCN)C(=O)N[C@@H](CCCCN)C(=O)N[C@@H](CO)C(=O)N[C@@H](CC(C)C)C(=O)N[C@@H](CC(C)C)C(=O)N[C@@H](CCSC)C(=O)N[C@@H](Cc1c[nH]c2ccccc12)C(=O)N[C@H](C(=O)N[C@H](C(=O)N[C@@H](CCC(N)=O)C(=O)N[C@H](C(=O)O)C(C)C)[C@@H](C)O)[C@@H](C)CC,4.64,1,0.0,0
CHEMBL5268779,CCCCCCCCCCCCCCCC(=O)N[C@H](CSC[C@@H](COC(=O)NCCCCCCCCCC)OC(=O)NCCCCCCCCCC)C(=O)NCCOCCOCCOCCP(=O)(O)O,5.58,2,0.0,1
CHEMBL5284692,CCCCCCCCCCCCCCCC(=O)OCC(CSC[C@@H](N)C(=O)N[C@@H](CO)C(=O)N[C@@H](CC(N)=O)C(=O)N[C@@H](CC(C)C)C(=O)N[C@H](C(=O)N[C@H](C(=O)N[C@@H](C)C(=O)N[C@@H](CO)C(=O)N[C@@H](CCC(=O)O)C(=O)N[C@H](C(=O)N[C@@H](CC(C)C)C(=O)O)[C@@H](C)O)[C@@H](C)CC)[C@@H](C)CC)OC(=O)CCCCCCCCCCCCCCC,6.57,1,0.0,1
CHEMBL4582174,CCCCCCCCCCCCCCCC(=O)OCCCCC[C@H](CSC[C@H](N)C(=O)N[C@@H](CO)C(=O)N[C@@H](CCCCN)C(=O)N[C@@H](CCCCN)C(=O)N[C@@H](CCCCN)C(=O)N[C@@H](CCCCN)C(=O)N[C@@H](CO)C(=O)N[C@@H](CC(C)C)C(=O)N[C@@H](CC(C)C)C(=O)N[C@@H](CCSC)C(=O)N[C@@H](Cc1c[nH]c2ccccc12)C(=O)N[C@H](C(=O)N[C@H](C(=O)N[C@@H](CCC(N)=O)C(=O)N[C@H](C(=O)O)C(C)C)[C@@H](C)O)[C@@H](C)CC)OC(=O)CCCCCCCCCCCCCCC,8.35,1,0.0,1
CHEMBL5271018,CCCCCCCCCCCCCCCC(=O)OCCCCC[C@H](CS[C@H](N)C(=O)N[C@@H](CO)C(=O)N[C@@H](CCCCN)C(=O)N[C@@H](CCCCN)C(=O)N[C@@H](CCCCN)C(=O)N[C@@H](CCCCN)C(=O)N[C@@H](CO)C(=O)N[C@@H](CC(C)C)C(=O)N[C@@H](CC(C)C)C(=O)N[C@@H](CCSC)C(=O)N[C@@H](Cc1c[nH]c2ccccc12)C(=O)N[C@H](C(=O)N[C@H](C(=O)N[C@@H](CCC(N)=O)C(=O)N[C@H](C(=O)O)C(C)C)[C@@H](C)O)[C@@H](C)CC)OC(=O)CCCCCCCCCCCCCCC,5.35,1,0.0,1
CHEMBL4442356,CCCCCCCCCCCCCCCC(=O)OCCCC[C@H](CSC[C@H](N)C(=O)N[C@@H](CO)C(=O)N[C@@H](CCCCN)C(=O)N[C@@H](CCCCN)C(=O)N[C@@H](CCCCN)C(=O)N[C@@H](CCCCN)C(=O)N[C@@H](CO)C(=O)N[C@@H](CC(C)C)C(=O)N[C@@H](CC(C)C)C(=O)N[C@@H](CCSC)C(=O)N[C@@H](Cc1c[nH]c2ccccc12)C(=O)N[C@H](C(=O)N[C@H](C(=O)N[C@@H](CCC(N)=O)C(=O)N[C@H](C(=O)O)C(C)C)[C@@H](C)O)[C@@H](C)CC)OC(=O)CCCCCCCCCCCCCCC,9.52,1,0.0,1
CHEMBL4759425,CCCCCCCCCCCCCCCC(=O)OCCCC[C@H](CSC[C@H](N)C(=O)N[C@@H](CO)C(=O)N[C@@H](CCCCN)C(=O)N[C@@H](CCCCN)C(=O)N[C@@H](CCCCN)C(=O)N[C@@H](CCCCN)C(=O)N[C@@H](CO)C(=O)N[C@@H](CC(C)C)C(=O)N[C@H](CN[C@@H](CCSC)C(=O)N[C@@H](Cc1c[nH]c2ccccc12)C(=O)N[C@H](C(=O)N[C@@H](C(=O)N[C@@H](CCC(N)=O)C(=O)N[C@H](C(=O)O)C(C)C)[C@@H](C)O)[C@@H](C)CC)CC(C)C)OC(=O)CCCCCCCCCCCCCCC,9.52,1,0.0,1
CHEMBL5279608,CCCCCCCCCCCCCCCC(=O)OCCCC[C@H](CS[C@H](N)C(=O)N[C@@H](CO)C(=O)N[C@@H](CCCCN)C(=O)N[C@@H](CCCCN)C(=O)N[C@@H](CCCCN)C(=O)N[C@@H](CCCCN)C(=O)N[C@@H](CO)C(=O)N[C@@H](CC(C)C)C(=O)N[C@@H](CC(C)C)C(=O)N[C@@H](CCSC)C(=O)N[C@@H](Cc1c[nH]c2ccccc12)C(=O)N[C@H](C(=O)N[C@H](C(=O)N[C@@H](CCC(N)=O)C(=O)N[C@H](C(=O)O)C(C)C)[C@@H](C)O)[C@@H](C)CC)OC(=O)CCCCCCCCCCCCCCC,6.52,1,0.0,1
CHEMBL2048220,CCCCCCCCCCCCCCCC(=O)OCCCSC[C@H](NC(C)=O)C(=O)N[C@@H](CO)C(=O)OC,8.26,1,0.0,1
CHEMBL4546202,CCCCCCCCCCCCCCCC(=O)OCCC[C@H](CSC[C@H](N)C(=O)N[C@@H](CO)C(=O)N[C@@H](CCCCN)C(=O)N[C@@H](CCCCN)C(=O)N[C@@H](CCCCN)C(=O)N[C@@H](CCCCN)C(=O)N[C@@H](CO)C(=O)N[C@@H](CC(C)C)C(=O)N[C@@H](CC(C)C)C(=O)N[C@@H](CCSC)C(=O)N[C@@H](Cc1c[nH]c2ccccc12)C(=O)N[C@H](C(=O)N[C@H](C(=O)N[C@@H](CCC(N)=O)C(=O)N[C@H](C(=O)O)C(C)C)[C@@H](C)O)[C@@H](C)CC)OC(=O)CCCCCCCCCCCCCCC,9.42,1,0.0,1
CHEMBL4791879,CCCCCCCCCCCCCCCC(=O)OCCC[C@H](CSC[C@H](N)C(=O)N[C@@H](CO)C(=O)N[C@@H](CCCCN)C(=O)N[C@@H](CCCCN)C(=O)N[C@@H](CCCCN)C(=O)N[C@@H](CCCCN)C(=O)N[C@@H](CO)C(=O)N[C@@H](CC(C)C)C(=O)N[C@H](CN[C@@H](CCSC)C(=O)N[C@@H](Cc1c[nH]c2ccccc12)C(=O)N[C@H](C(=O)N[C@@H](C(=O)N[C@@H](CCC(N)=O)C(=O)N[C@H](C(=O)O)C(C)C)[C@@H](C)O)[C@@H](C)CC)CC(C)C)OC(=O)CCCCCCCCCCCCCCC,9.42,1,0.0,1
CHEMBL5287881,CCCCCCCCCCCCCCCC(=O)OCCC[C@H](CS[C@H](N)C(=O)N[C@@H](CO)C(=O)N[C@@H](CCCCN)C(=O)N[C@@H](CCCCN)C(=O)N[C@@H](CCCCN)C(=O)N[C@@H](CCCCN)C(=O)N[C@@H](CO)C(=O)N[C@@H](CC(C)C)C(=O)N[C@@H](CC(C)C)C(=O)N[C@@H](CCSC)C(=O)N[C@@H](Cc1c[nH]c2ccccc12)C(=O)N[C@H](C(=O)N[C@H](C(=O)N[C@@H](CCC(N)=O)C(=O)N[C@H](C(=O)O)C(C)C)[C@@H](C)O)[C@@H](C)CC)OC(=O)CCCCCCCCCCCCCCC,6.42,1,0.0,1
CHEMBL1923549,CCCCCCCCCCCCCCCC(=O)OCCSC[C@H](N)C(=O)N[C@@H](CO)C(=O)OC,8.395,2,0.09,1
CHEMBL5740159,CCCCCCCCCCCCCCCC(=O)OCCSC[C@H](N)C(=O)N[C@@H](COC(=O)CCC)C(=O)OC,5.26,1,0.0,1
CHEMBL5851100,CCCCCCCCCCCCCCCC(=O)OCCSC[C@H](N)C(=O)N[C@@H](COC(=O)CCCCCCCCCCCCCCC)C(=O)OC,5.22,1,0.0,1
CHEMBL2048225,CCCCCCCCCCCCCCCC(=O)OCCSC[C@H](N)C(=O)N[C@@H](COC(C)=O)C(=O)OC,5.53,1,0.0,1
CHEMBL2048219,CCCCCCCCCCCCCCCC(=O)OCCSC[C@H](NC(=O)C(F)(F)F)C(=O)N[C@@H](CO)C(=O)OC,6.85,2,3.0,1
CHEMBL2048076,CCCCCCCCCCCCCCCC(=O)OCCSC[C@H](NC(=O)CCC)C(=O)N[C@@H](CO)C(=O)OC,8.79,1,0.0,1
CHEMBL2048077,CCCCCCCCCCCCCCCC(=O)OCCSC[C@H](NC(=O)CCCCCCC)C(=O)N[C@@H](CO)C(=O)OC,8.42,1,0.0,1
CHEMBL5267159,CCCCCCCCCCCCCCCC(=O)OCCSC[C@H](NC(=O)COCC(=O)NCCCOCCOCCOCCCNC)C(=O)NCC(=O)N[C@H](CO)C(=O)COCC(=O)NCCCOCCOCCOCCCN,6.17,1,0.0,1
CHEMBL5761704,CCCCCCCCCCCCCCCC(=O)OCCSC[C@H](NC(C)=O)C(=O)N[C@@H](CCCCN)C(=O)OC,6.65,1,0.0,1
CHEMBL2048075,CCCCCCCCCCCCCCCC(=O)OCCSC[C@H](NC(C)=O)C(=O)N[C@@H](CO)C(=O)OC,9.0,1,0.0,1
CHEMBL5904547,CCCCCCCCCCCCCCCC(=O)OCCSC[C@H](NC(C)=O)C(=O)N[C@@H](COC(=O)CCC(=O)O)C(=O)OC,6.29,1,0.0,1
CHEMBL5907791,CCCCCCCCCCCCCCCC(=O)OCCSC[C@H](NC(C)=O)C(=O)N[C@@H](COC(=O)[C@@H](N)CN)C(=O)OC,5.17,1,0.0,1
CHEMBL5983841,CCCCCCCCCCCCCCCC(=O)OCCSC[C@H](NC(C)=O)C(=O)N[C@@H](COC(=O)c1cccnc1)C(=O)OC,5.9,1,0.0,1
CHEMBL5999710,CCCCCCCCCCCCCCCC(=O)OCCSC[C@H](NC(C)=O)C(=O)N[C@@H](COS(=O)(=O)O)C(=O)OC,5.15,1,0.0,1
CHEMBL4439863,CCCCCCCCCCCCCCCC(=O)OCC[C@@H](CSC[C@H](N)C(=O)N[C@@H](CO)C(=O)N[C@@H](CCCCN)C(=O)N[C@@H](CCCCN)C(=O)N[C@@H](CCCCN)C(=O)N[C@@H](CCCCN)C(=O)N[C@@H](CO)C(=O)N[C@@H](CC(C)C)C(=O)N[C@@H](CC(C)C)C(=O)N[C@@H](CCSC)C(=O)N[C@@H](Cc1c[nH]c2ccccc12)C(=O)N[C@H](C(=O)N[C@H](C(=O)N[C@@H](CCC(N)=O)C(=O)N[C@H](C(=O)O)C(C)C)[C@@H](C)O)[C@@H](C)CC)OC(=O)CCCCCCCCCCCCCCC,7.34,1,0.0,1
CHEMBL4585276,CCCCCCCCCCCCCCCC(=O)OCC[C@@H](CSC[C@H](NC(C)=O)C(=O)N[C@@H](CO)C(=O)N[C@@H](CCCCN)C(=O)N[C@@H](CCCCN)C(=O)N[C@@H](CCCCN)C(=O)N[C@@H](CCCCN)C(=O)N[C@@H](CO)C(=O)N[C@@H](CC(C)C)C(=O)N[C@@H](CC(C)C)C(=O)N[C@@H](CCSC)C(=O)N[C@@H](Cc1c[nH]c2ccccc12)C(=O)N[C@H](C(=O)N[C@H](C(=O)N[C@@H](CCC(N)=O)C(=O)N[C@H](C(=O)O)C(C)C)[C@@H](C)O)[C@@H](C)CC)OC(=O)CCCCCCCCCCCCCCC,7.76,1,0.0,1
CHEMBL5282575,CCCCCCCCCCCCCCCC(=O)OCC[C@@H](CS[C@H](N)C(=O)N[C@@H](CO)C(=O)N[C@@H](CCCCN)C(=O)N[C@@H](CCCCN)C(=O)N[C@@H](CCCCN)C(=O)N[C@@H](CCCCN)C(=O)N[C@@H](CO)C(=O)N[C@@H](CC(C)C)C(=O)N[C@@H](CC(C)C)C(=O)N[C@@H](CCSC)C(=O)N[C@@H](Cc1c[nH]c2ccccc12)C(=O)N[C@H](C(=O)N[C@H](C(=O)N[C@@H](CCC(N)=O)C(=O)N[C@H](C(=O)O)C(C)C)[C@@H](C)O)[C@@H](C)CC)OC(=O)CCCCCCCCCCCCCCC,4.34,1,0.0,0
CHEMBL5283225,CCCCCCCCCCCCCCCC(=O)OCC[C@@H](CS[C@H](NC(C)=O)C(=O)N[C@@H](CO)C(=O)N[C@@H](CCCCN)C(=O)N[C@@H](CCCCN)C(=O)N[C@@H](CCCCN)C(=O)N[C@@H](CCCCN)C(=O)N[C@@H](CO)C(=O)N[C@@H](CC(C)C)C(=O)N[C@@H](CC(C)C)C(=O)N[C@@H](CCSC)C(=O)N[C@@H](Cc1c[nH]c2ccccc12)C(=O)N[C@H](C(=O)N[C@H](C(=O)N[C@@H](CCC(N)=O)C(=O)N[C@H](C(=O)O)C(C)C)[C@@H](C)O)[C@@H](C)CC)OC(=O)CCCCCCCCCCCCCCC,4.76,1,0.0,0
CHEMBL4461230,CCCCCCCCCCCCCCCC(=O)OCC[C@H](CSC[C@H](N)C(=O)N[C@@H](CO)C(=O)N[C@@H](CCCCN)C(=O)N[C@@H](CCCCN)C(=O)N[C@@H](CCCCN)C(=O)N[C@@H](CCCCN)C(=O)N[C@@H](CO)C(=O)N[C@@H](CC(C)C)C(=O)N[C@@H](CC(C)C)C(=O)N[C@@H](CCSC)C(=O)N[C@@H](Cc1c[nH]c2ccccc12)C(=O)N[C@H](C(=O)N[C@H](C(=O)N[C@@H](CCC(N)=O)C(=O)N[C@H](C(=O)O)C(C)C)[C@@H](C)O)[C@@H](C)CC)OC(=O)CCCCCCCCCCCCCCC,9.21,1,0.0,1
CHEMBL4537583,CCCCCCCCCCCCCCCC(=O)OCC[C@H](CSC[C@H](NC(C)=O)C(=O)N[C@@H](CO)C(=O)N[C@@H](CCCCN)C(=O)N[C@@H](CCCCN)C(=O)N[C@@H](CCCCN)C(=O)N[C@@H](CCCCN)C(=O)N[C@@H](CO)C(=O)N[C@@H](CC(C)C)C(=O)N[C@@H](CC(C)C)C(=O)N[C@@H](CCSC)C(=O)N[C@@H](Cc1c[nH]c2ccccc12)C(=O)N[C@H](C(=O)N[C@H](C(=O)N[C@@H](CCC(N)=O)C(=O)N[C@H](C(=O)O)C(C)C)[C@@H](C)O)[C@@H](C)CC)OC(=O)CCCCCCCCCCCCCCC,8.94,1,0.0,1
CHEMBL5289217,CCCCCCCCCCCCCCCC(=O)OCC[C@H](CS[C@H](N)C(=O)N[C@@H](CO)C(=O)N[C@@H](CCCCN)C(=O)N[C@@H](CCCCN)C(=O)N[C@@H](CCCCN)C(=O)N[C@@H](CCCCN)C(=O)N[C@@H](CO)C(=O)N[C@@H](CC(C)C)C(=O)N[C@@H](CC(C)C)C(=O)N[C@@H](CCSC)C(=O)N[C@@H](Cc1c[nH]c2ccccc12)C(=O)N[C@H](C(=O)N[C@H](C(=O)N[C@@H](CCC(N)=O)C(=O)N[C@H](C(=O)O)C(C)C)[C@@H](C)O)[C@@H](C)CC)OC(=O)CCCCCCCCCCCCCCC,6.21,1,0.0,1
CHEMBL5285383,CCCCCCCCCCCCCCCC(=O)OCC[C@H](CS[C@H](NC(C)=O)C(=O)N[C@@H](CO)C(=O)N[C@@H](CCCCN)C(=O)N[C@@H](CCCCN)C(=O)N[C@@H](CCCCN)C(=O)N[C@@H](CCCCN)C(=O)N[C@@H](CO)C(=O)N[C@@H](CC(C)C)C(=O)N[C@@H](CC(C)C)C(=O)N[C@@H](CCSC)C(=O)N[C@@H](Cc1c[nH]c2ccccc12)C(=O)N[C@H](C(=O)N[C@H](C(=O)N[C@@H](CCC(N)=O)C(=O)N[C@H](C(=O)O)C(C)C)[C@@H](C)O)[C@@H](C)CC)OC(=O)CCCCCCCCCCCCCCC,5.93,1,0.0,1
CHEMBL4562655,CCCCCCCCCCCCCCCC(=O)OC[C@@H](CSC[C@H](N)C(=O)N[C@@H](CO)C(=O)N[C@@H](CCCCN)C(=O)N[C@@H](CCCCN)C(=O)N[C@@H](CCCCN)C(=O)N[C@@H](CCCCN)C(=O)N[C@@H](CO)C(=O)N[C@@H](CC(C)C)C(=O)N[C@@H](CC(C)C)C(=O)N[C@@H](CCSC)C(=O)N[C@@H](Cc1c[nH]c2ccccc12)C(=O)N[C@H](C(=O)N[C@H](C(=O)N[C@@H](CCC(N)=O)C(=O)N[C@H](C(=O)O)C(C)C)[C@@H](C)O)[C@@H](C)CC)OC(=O)CCCCCCCCCCCCCCC,6.81,1,0.0,1
CHEMBL4455047,CCCCCCCCCCCCCCCC(=O)OC[C@@H](CSC[C@H](NC(C)=O)C(=O)N[C@@H](CO)C(=O)N[C@@H](CCCCN)C(=O)N[C@@H](CCCCN)C(=O)N[C@@H](CCCCN)C(=O)N[C@@H](CCCCN)C(=O)N[C@@H](CO)C(=O)N[C@@H](CC(C)C)C(=O)N[C@@H](CC(C)C)C(=O)N[C@@H](CCSC)C(=O)N[C@@H](Cc1c[nH]c2ccccc12)C(=O)N[C@H](C(=O)N[C@H](C(=O)N[C@@H](CCC(N)=O)C(=O)N[C@H](C(=O)O)C(C)C)[C@@H](C)O)[C@@H](C)CC)OC(=O)CCCCCCCCCCCCCCC,6.82,1,0.0,1
CHEMBL1923547,CCCCCCCCCCCCCCCC(=O)OC[C@@H](O)CSC[C@H](N)C(=O)N[C@@H](CO)C(=O)O,8.71,1,0.0,1
CHEMBL1923536,CCCCCCCCCCCCCCCC(=O)OC[C@H](CSC[C@H](N)C(=O)NCC(=O)OC(C)C)OC(=O)CCCCCCCCCCCCCCC,9.35,1,0.0,1
CHEMBL4560927,CCCCCCCCCCCCCCCC(=O)OC[C@H](CSC[C@H](N)C(=O)N[C@@H](CO)C(=O)N[C@@H](CCCCN)C(=O)N[C@@H](CCCCN)C(=O)N[C@@H](CCCCN)C(=O)N[C@@H](CCCCN)C(=O)N[C@@H](CO)C(=O)N[C@@H](CC(C)C)C(=O)N[C@@H](CC(C)C)C(=O)N[C@@H](CCSC)C(=O)N[C@@H](Cc1c[nH]c2ccccc12)C(=O)N[C@H](C(=O)N[C@H](C(=O)N[C@@H](CCC(N)=O)C(=O)N[C@H](C(=O)O)C(C)C)[C@@H](C)O)[C@@H](C)CC)OC(=O)CCCCCCCCCCCCCCC,9.33,1,0.0,1
CHEMBL4780449,CCCCCCCCCCCCCCCC(=O)OC[C@H](CSC[C@H](N)C(=O)N[C@@H](CO)C(=O)N[C@@H](CCCCN)C(=O)N[C@@H](CCCCN)C(=O)N[C@@H](CCCCN)C(=O)N[C@@H](CCCCN)C(=O)N[C@@H](CO)C(=O)N[C@@H](CC(C)C)C(=O)N[C@H](CN[C@@H](CCSC)C(=O)N[C@@H](Cc1c[nH]c2ccccc12)C(=O)N[C@H](C(=O)N[C@@H](C(=O)N[C@@H](CCC(N)=O)C(=O)N[C@H](C(=O)O)C(C)C)[C@@H](C)O)[C@@H](C)CC)CC(C)C)OC(=O)CCCCCCCCCCCCCCC,9.33,1,0.0,1
CHEMBL2179400,CCCCCCCCCCCCCCCC(=O)OC[C@H](CSC[C@H](N)C(=O)N[C@@H](CO)C(=O)N[C@@H](CCCCN)C(=O)N[C@@H](CCCCN)C(=O)N[C@@H](CCCCN)C(=O)N[C@@H](CCCCN)C(=O)O)OC(=O)CCCCCCCCCCCCCCC,8.43,1,0.0,1
CHEMBL2179402,CCCCCCCCCCCCCCCC(=O)OC[C@H](CSC[C@H](NC(=O)COCC(=O)NCCCOCCOCCOCCCNC(=O)CCS)C(=O)NCC(=O)N[C@H](CO)C(=O)NCCCOCCOCCOCCCNC(=O)COCC(N)=O)OC(=O)CCCCCCCCCCCCCCC,7.41,1,0.0,1
CHEMBL3350702,CCCCCCCCCCCCCCCC(=O)OC[C@H](CSC[C@H](NC(=O)COCC(=O)NCCCOCCOCCOCCCNC(=O)CCSC1CC(=O)N(CCNC(=O)CCCCCN2\C(=C/C=C/C=C/C3=[N+](CC)c4ccc(S(=O)(=O)[O-])cc4C3)Cc3cc(S(=O)(=O)O)ccc32)C1=O)C(=O)NCC(=O)N[C@H](CO)C(=O)NCCCOCCOCCOCCCNC(=O)COCC(N)=O)OC(=O)CCCCCCCCCCCCCCC,7.47,1,0.0,1
CHEMBL2179779,CCCCCCCCCCCCCCCC(=O)OC[C@H](CSC[C@H](NC(=O)COCC(=O)NCCCOCCOCCOCCCNC(C)=O)C(=O)NCC(=O)N[C@@H](CC(N)=O)C(=O)N[C@@H](CC(N)=O)C(=O)N[C@@H](CC(=O)O)C(=O)N[C@@H](CCC(=O)O)C(=O)N[C@@H](CO)C(=O)N[C@@H](CC(N)=O)C(=O)N[C@H](C(=O)N[C@@H](CO)C(=O)N[C@@H](Cc1ccccc1)C(=O)N[C@@H](CCCCN)C(=O)N[C@@H](CCC(=O)O)C(=O)N[C@@H](CCCCN)C(N)=O)[C@@H](C)CC)OC(=O)CCCCCCCCCCCCCCC,7.25,1,0.0,1
CHEMBL2179404,CCCCCCCCCCCCCCCC(=O)OC[C@H](CSC[C@H](NC(=O)COCC(=O)NCCCOCCOCCOCCCNC(C)=O)C(=O)NCC(=O)N[C@@H](CO)C(=O)N[C@@H](CCC(N)=O)C(=O)N[C@@H](CC(N)=O)C(=O)N[C@@H](CC(C)C)C(=O)N[C@@H](C)C(=O)N[C@@H](CO)C(=O)N[C@@H](CC(C)C)C(=O)N[C@@H](CCC(=O)O)C(=O)N[C@@H](CCC(=O)O)C(N)=O)OC(=O)CCCCCCCCCCCCCCC,7.11,1,0.0,1
CHEMBL5276410,CCCCCCCCCCCCCCCC(=O)OC[C@H](CSC[C@H](NC(=O)COCC(=O)NCCCOCCOCCOCCCNC(C)=O)C(=O)NCC(=O)N[C@H](CO)C(=O)COCC(=O)NCCCOCCOCCOCCCN)OC(=O)CCCCCCCCCCCCCCC,7.7,1,0.0,1
CHEMBL2179403,CCCCCCCCCCCCCCCC(=O)OC[C@H](CSC[C@H](NC(=O)COCC(=O)NCCCOCCOCCOCCCNC(C)=O)C(=O)NCC(=O)N[C@H](CO)C(=O)NCCCOCCOCCOCCCNC(=O)COCC(N)=O)OC(=O)CCCCCCCCCCCCCCC,7.7,1,0.0,1
CHEMBL2179778,CCCCCCCCCCCCCCCC(=O)OC[C@H](CSC[C@H](NC(=O)COCC(=O)NCCCOCCOCCOCCCNC(C)=O)C(=O)N[C@H](CO)C(=O)N[C@H](CCCNC(=N)N)C(=O)N[C@H](Cc1ccccc1)C(=O)N[C@H](CC(=O)O)C(=O)N[C@H](CCC(=O)O)C(=O)N[C@H](CC(=O)O)C(=O)N[C@H](CC(=O)O)C(=O)N[C@H](CC(C)C)C(=O)N[C@H](CCC(=O)O)C(N)=O)OC(=O)CCCCCCCCCCCCCCC,7.6,1,0.0,1
CHEMBL4552043,CCCCCCCCCCCCCCCC(=O)OC[C@H](CSC[C@H](NC(C)=O)C(=O)N[C@@H](CO)C(=O)N[C@@H](CCCCN)C(=O)N[C@@H](CCCCN)C(=O)N[C@@H](CCCCN)C(=O)N[C@@H](CCCCN)C(=O)N[C@@H](CO)C(=O)N[C@@H](CC(C)C)C(=O)N[C@@H](CC(C)C)C(=O)N[C@@H](CCSC)C(=O)N[C@@H](Cc1c[nH]c2ccccc12)C(=O)N[C@H](C(=O)N[C@H](C(=O)N[C@@H](CCC(N)=O)C(=O)N[C@H](C(=O)O)C(C)C)[C@@H](C)O)[C@@H](C)CC)OC(=O)CCCCCCCCCCCCCCC,9.55,1,0.0,1
CHEMBL4756806,CCCCCCCCCCCCCCCC(=O)OC[C@H](CSC[C@H](NC(C)=O)C(=O)N[C@@H](CO)C(=O)N[C@@H](CCCCN)C(=O)N[C@@H](CCCCN)C(=O)N[C@@H](CCCCN)C(=O)N[C@@H](CCCCN)C(=O)N[C@@H](CO)C(=O)N[C@@H](CC(C)C)C(=O)N[C@H](CN[C@@H](CCSC)C(=O)N[C@@H](Cc1c[nH]c2ccccc12)C(=O)N[C@H](C(=O)N[C@@H](C(=O)N[C@@H](CCC(N)=O)C(=O)N[C@H](C(=O)O)C(C)C)[C@@H](C)O)[C@@H](C)CC)CC(C)C)OC(=O)CCCCCCCCCCCCCCC,9.55,1,0.0,1
CHEMBL5268020,CCCCCCCCCCCCCCCC(=O)OC[C@H](CS[C@H](N)C(=O)N[C@@H](CO)C(=O)N[C@@H](CCCCN)C(=O)N[C@@H](CCCCN)C(=O)N[C@@H](CCCCN)C(=O)N[C@@H](CCCCN)C(=O)N[C@@H](CO)C(=O)N[C@@H](CC(C)C)C(=O)N[C@@H](CC(C)C)C(=O)N[C@@H](CCSC)C(=O)N[C@@H](Cc1c[nH]c2ccccc12)C(=O)N[C@H](C(=O)N[C@H](C(=O)N[C@@H](CCC(N)=O)C(=O)N[C@H](C(=O)O)C(C)C)[C@@H](C)O)[C@@H](C)CC)OC(=O)CCCCCCCCCCCCCCC,6.33,1,0.0,1
CHEMBL5271955,CCCCCCCCCCCCCCCC(=O)OC[C@H](CS[C@H](NC(C)=O)C(=O)N[C@@H](CO)C(=O)N[C@@H](CCCCN)C(=O)N[C@@H](CCCCN)C(=O)N[C@@H](CCCCN)C(=O)N[C@@H](CCCCN)C(=O)N[C@@H](CO)C(=O)N[C@@H](CC(C)C)C(=O)N[C@@H](CC(C)C)C(=O)N[C@@H](CCSC)C(=O)N[C@@H](Cc1c[nH]c2ccccc12)C(=O)N[C@H](C(=O)N[C@H](C(=O)N[C@@H](CCC(N)=O)C(=O)N[C@H](C(=O)O)C(C)C)[C@@H](C)O)[C@@H](C)CC)OC(=O)CCCCCCCCCCCCCCC,6.55,1,0.0,1
CHEMBL1923557,CCCCCCCCCCCCCCCC(=O)OC[C@H](C[Se]C[C@H](N)C(=O)N[C@@H](CO)C(=O)OC)OC(=O)CCCCCCCCCCCCCCC,9.59,1,0.0,1
CHEMBL5949881,CCCCCCCCCCCCCCCC(=O)O[C@H](CCCCCCCCCCC)CC(=O)OCCSC[C@H](NC(C)=O)C(=O)N[C@@H](CO)C(=O)OC,5.32,1,0.0,1
CHEMBL1923548,CCCCCCCCCCCCCCCC(=O)O[C@H](CO)CSC[C@H](N)C(=O)N[C@@H](CO)C(=O)O,8.73,1,0.0,1
CHEMBL1923546,CCCCCCCCCCCCCCCC(=O)O[C@H](COC(=O)CNCCCNCCCCNCCCN)CSC[C@H](N)C(=O)N[C@@H](CO)C(=O)O,8.49,1,0.0,1
CHEMBL1923544,CCCCCCCCCCCCCCCC(=O)O[C@H](COC(=O)CNCCCOCCOCCOCC)CSC[C@H](N)C(=O)N[C@@H](CO)C(=O)O,8.68,1,0.0,1
CHEMBL1923545,CCCCCCCCCCCCCCCC(=O)O[C@H](COC(=O)CNCCCOCCOCCOCCCN)CSC[C@H](N)C(=O)N[C@@H](CO)C(=O)O,8.81,1,0.0,1
CHEMBL2048067,CCCCCCCCCCCCCCCCCC(=O)OCCSC[C@H](N)C(=O)N[C@@H](CO)C(=O)OC,8.32,1,0.0,1
CHEMBL1923542,CCCCCCCCCCCCCCCCCC(=O)OC[C@H](CSC[C@H](N)C(=O)N[C@@H](CO)C(=O)O)OC(=O)CCCCCCCCCCCCCCCCC,8.83,1,0.0,1
CHEMBL6011496,CCCCCCCCCCCCCCCCNC(=O)OCCSC[C@H](NC(C)=O)C(=O)N[C@@H](CO)C(=O)OC,6.49,1,0.0,1
CHEMBL6001512,CCCCCCCCCCCCCCCCOC(=O)NCCSC[C@H](NC(C)=O)C(=O)N[C@@H](CO)C(=O)NCCCN(C)C,6.55,1,0.0,1
CHEMBL5843974,CCCCCCCCCCCCCCCCOC(=O)NCCSC[C@H](NC(C)=O)C(=O)N[C@@H](CO)C(=O)OC,7.21,1,0.0,1
CHEMBL5271942,CCCCCCCCCCCCCCCCOC[C@H](CSC[C@@H](N)C(=O)NCCOCCOCCOCCP(=O)(O)O)OCCCCCCCCCCCCCCCC,5.46,2,0.0,1
CHEMBL5267139,CCCCCCCCCCCCOC[C@H](CSC[C@@H](N)C(=O)NCCOCCOCCOCCP(=O)(O)O)OCCCCCCCCCCCC,6.26,2,0.0,1
CHEMBL5575324,CCCCCCCCCCCC[C@@H]1OC[C@H]([C@@H]2O[C@@H](OC[C@H](O)COC(=O)CCCCCCCCCCC)[C@H](O)[C@H]2O)O1,9.94,1,0.0,1
CHEMBL6027533,CCCCCCCCCCC[C@@H](O)CC(=O)OCCSC[C@H](NC(C)=O)C(=O)N[C@@H](CO)C(=O)OC,5.95,1,0.0,1
CHEMBL5796564,CCCCCCCCCCC[C@H](CC(=O)OCCSC[C@H](NC(C)=O)C(=O)N[C@@H](CO)C(=O)OC)OC(=O)CCC,6.46,1,0.0,1
CHEMBL5760731,CCCCCCCCCCC[C@H](CC(=O)OCCSC[C@H](NC(C)=O)C(=O)N[C@@H](CO)C(=O)OC)OC(=O)CCCCC,5.82,1,0.0,1
CHEMBL5860088,CCCCCCCCCCC[C@H](CC(=O)OCCSC[C@H](NC(C)=O)C(=O)N[C@@H](CO)C(=O)OC)OC(=O)CCCCCCC,5.51,1,0.0,1
CHEMBL5766026,CCCCCCCCCCC[C@H](CC(=O)OCCSC[C@H](NC(C)=O)C(=O)N[C@@H](CO)C(=O)OC)OC(=O)CCCCCCCCC,4.89,1,0.0,0
CHEMBL5907691,CCCCCCCCCCC[C@H](CC(=O)OCCSC[C@H](NC(C)=O)C(=O)N[C@@H](CO)C(=O)OC)OC(C)=O,6.74,1,0.0,1
CHEMBL5900533,CCCCCCCCCCC[C@H](CC(=O)OCCSC[C@H](NC(C)=O)C(=O)N[C@@H](CO)C(=O)OC)OC=O,6.09,1,0.0,1
CHEMBL5283018,CCCCCCCCCCNC(=O)OC[C@H](CSC[C@@H](N)C(=O)NCCOCCOCCOCCP(=O)(O)O)OC(=O)NCCCCCCCCCC,6.09,2,0.0,1
CHEMBL5273594,CCCCCCCCCCNC(=O)OC[C@H](CSC[C@@H](NC(=O)CCCCC)C(=O)NCCOCCOCCOCCP(=O)(O)O)OC(=O)NCCCCCCCCCC,6.08,2,0.0,1
CHEMBL5279326,CCCCCCCCCCNC(=O)OC[C@H](CSC[C@@H](NC(C)=O)C(=O)NCCOCCOCCOCCP(=O)(O)O)OC(=O)NCCCCCCCCCC,6.08,2,0.0,1
CHEMBL5286846,CCCCCCCCNC(=O)OC[C@H](CSC[C@@H](N)C(=O)NCCOCCOCCOCCP(=O)(O)O)OC(=O)NCCCCCCCC,5.15,2,0.0,1
CHEMBL5402655,CCCC[C@@H]1CN(C(=O)c2ccc(C(=O)N3C[C@@H](C(=O)N[C@H]4C[C@@H]4c4ccccc4)[C@H](C(=O)N[C@H]4C[C@@H]4c4ccccc4)C3)cc2)C[C@H]1C(=O)N[C@H]1C[C@@H]1c1ccccc1,7.41,1,0.0,1
CHEMBL5418054,CCCC[C@H]1CN(C(=O)c2ccc(C(=O)N3C[C@@H](C(=O)N[C@H]4C[C@@H]4c4ccccc4)[C@H](C(=O)N[C@H]4C[C@@H]4c4ccccc4)C3)cc2)C[C@@H]1C(=O)N[C@H]1C[C@@H]1c1ccccc1,7.46,1,0.0,1
CHEMBL4474783,CCCOC(=O)c1c(NC(=O)N2CCN(C)CC2)sc2c1CCC2,4.85,1,0.0,0
CHEMBL4557536,CCCOC(=O)c1c(NC(=O)N2CCN(C)CC2)sc2c1CCCC2,5.18,1,0.0,1
CHEMBL5085416,CCCOC(=O)c1c(NC(=S)Nc2cccc3ccccc23)sc2c1CCC2,6.09,1,0.0,1
CHEMBL5090439,CCCOC(=O)c1c(NC(=S)Nc2cccc3ccccc23)sc2c1CCCC2,5.98,1,0.0,1
CHEMBL5417613,CCC[C@@H]1CN(C(=O)c2ccc(C(=O)N3C[C@@H](C(=O)N[C@H]4C[C@@H]4c4ccccc4)[C@H](C(=O)N[C@H]4C[C@@H]4c4ccccc4)C3)cc2)C[C@H]1C(=O)N[C@H]1C[C@@H]1c1ccccc1,6.75,1,0.0,1
CHEMBL5433647,CCC[C@H]1CN(C(=O)c2ccc(C(=O)N3C[C@@H](C(=O)N[C@H]4C[C@@H]4c4ccccc4)[C@H](C(=O)N[C@H]4C[C@@H]4c4ccccc4)C3)cc2)C[C@@H]1C(=O)N[C@H]1C[C@@H]1c1ccccc1,7.06,1,0.0,1
CHEMBL1522109,CCOC(=O)c1c(N=C(S)Nc2ccc(F)cc2)sc2c1CCC2,4.88,1,0.0,0
CHEMBL1608279,CCOC(=O)c1c(N=C(S)Nc2ccccc2)sc2c1CCCCC2,4.54,1,0.0,0
CHEMBL4581678,CCOC(=O)c1c(NC(=O)N2CCN(C)CC2)sc2c1CCC2,6.26,3,0.01,1
CHEMBL4460494,CCOC(=O)c1c(NC(=O)N2CCN(C)CC2)sc2c1CCCC2,6.46,1,0.0,1
CHEMBL4447292,CCOC(=O)c1c(NC(=O)N2CCN(CC)CC2)sc2c1CCC2,5.07,1,0.0,1
CHEMBL5073453,CCOC(=O)c1c(NC(=O)Nc2ccc(C)cc2)sc2c1CCC2,4.92,1,0.0,0
CHEMBL5081426,CCOC(=O)c1c(NC(=O)Nc2ccc(C)cc2)sc2c1CCCC2,4.84,1,0.0,0
CHEMBL5088017,CCOC(=O)c1c(NC(=O)Nc2cccc3ccccc23)sc2c1CCC2,5.12,1,0.0,1
CHEMBL5093674,CCOC(=O)c1c(NC(=O)Nc2cccc3ccccc23)sc2c1CCCC2,5.23,1,0.0,1
CHEMBL5076778,CCOC(=O)c1c(NC(=O)Nc2ccccc2)sc2c1CCC2,4.92,1,0.0,0
CHEMBL5092725,CCOC(=O)c1c(NC(=O)Nc2ccccc2)sc2c1CCCCC2,4.93,1,0.0,0
CHEMBL4461944,CCOC(=O)c1c(NC(=S)N2CCN(C)CC2)sc2c1CCC2,5.46,1,0.0,1
CHEMBL4461828,CCOC(=O)c1c(NC(=S)N2CCN(C)CC2)sc2c1CCCC2,5.19,1,0.0,1
CHEMBL5092504,CCOC(=O)c1c(NC(=S)Nc2ccc(-c3ccccc3)cc2)sc2c1CCC2,5.15,1,0.0,1
CHEMBL5083799,CCOC(=O)c1c(NC(=S)Nc2ccc(C(F)(F)F)cc2)sc2c1CCCC2,4.92,1,0.0,0
CHEMBL5080644,CCOC(=O)c1c(NC(=S)Nc2ccc(C)cc2)sc2c1CCCC2,5.06,1,0.0,1
CHEMBL5084965,CCOC(=O)c1c(NC(=S)Nc2ccc(Cl)cc2)sc2c1CCC2,5.6,1,0.0,1
CHEMBL5092135,CCOC(=O)c1c(NC(=S)Nc2ccc(Cl)cc2)sc2c1CCCC2,5.33,1,0.0,1
CHEMBL5091448,CCOC(=O)c1c(NC(=S)Nc2ccc(F)cc2)sc2c1CCCC2,4.92,1,0.0,0
CHEMBL5090848,CCOC(=O)c1c(NC(=S)Nc2cccc3ccccc23)sc2c1CCC(C)C2,5.76,1,0.0,1
CHEMBL5094868,CCOC(=O)c1c(NC(=S)Nc2cccc3ccccc23)sc2c1CCC2,6.44,1,0.0,1
CHEMBL5075407,CCOC(=O)c1c(NC(=S)Nc2cccc3ccccc23)sc2c1CCCC2,6.48,1,0.0,1
CHEMBL5084935,CCOC(=O)c1c(NC(=S)Nc2cccc3ccccc23)sc2c1CCCCC2,5.63,1,0.0,1
CHEMBL5087280,CCOC(=O)c1c(NC(=S)Nc2ccccc2)sc2c1CCC2,5.23,1,0.0,1
CHEMBL3827142,CCOC(=O)c1c(NC(=S)Nc2ccccc2)sc2c1CCCC2,5.58,1,0.0,1
CHEMBL4759149,CNc1ccc([N+](=O)[O-])cc1-n1cnc(-c2ccc(C(F)(F)F)cc2O)c1,8.31,1,0.0,1
CHEMBL4472531,COC(=O)c1c(NC(=O)N2CCN(C)CC2)sc2c1CCC(C)C2,4.93,1,0.0,0
CHEMBL4470878,COC(=O)c1c(NC(=O)N2CCN(C)CC2)sc2c1CCC2,6.35,1,0.0,1
CHEMBL4447690,COC(=O)c1c(NC(=O)N2CCN(C)CC2)sc2c1CCCC2,6.8,1,0.0,1
CHEMBL4536324,COC(=O)c1c(NC(=O)N2CCN(C)CC2)sc2c1CCCCC2,5.88,1,0.0,1
CHEMBL5284224,COC(=O)c1c(NC(=O)c2cccc3ccccc23)sc2c1CCCC2,6.26,1,0.0,1
CHEMBL5077518,COC(=O)c1c(NC(=S)Nc2ccc(C(F)(F)F)cc2)sc2c1CCCC2,4.47,1,0.0,0
CHEMBL5093471,COC(=O)c1c(NC(=S)Nc2ccc(C)cc2)sc2c1CCCC2,4.99,1,0.0,0
CHEMBL5086432,COC(=O)c1c(NC(=S)Nc2cccc3ccccc23)sc2c1CCC2,5.45,1,0.0,1
CHEMBL5079696,COC(=O)c1c(NC(=S)Nc2cccc3ccccc23)sc2c1CCCC2,5.13,1,0.0,1
CHEMBL5075248,COC(=O)c1c(NC(=S)Nc2ccccc2)sc2c1CCC2,4.85,1,0.0,0
CHEMBL5086140,COC(=O)c1c(NC(=S)Nc2ccccc2)sc2c1CCCC2,4.83,1,0.0,0
CHEMBL4556264,Cc1ccncc1CNC(=O)c1c(O)c2cc(F)cc3c2n(c1=O)C(C)CC3,5.84,1,0.0,1
CHEMBL4472879,O=C(N[C@H]1C[C@@H]1c1ccccc1)[C@@H]1CN(C(=O)c2ccc(C(=O)N3C[C@@H](C(=O)N[C@H]4C[C@@H]4c4ccccc4)[C@H](C(=O)N[C@H]4C[C@@H]4c4ccccc4)C3)cc2)C[C@H]1C(=O)N[C@H]1C[C@@H]1c1ccccc1,8.89,2,2.14,1
DECOY,CCN(C[C@@H](Cc1ccccc1)NC(=O)OCc1cncs1)C[C@@H](Cc1ccccc1)NC(=O)OCc1nccs1,0.0,0,0.0,0
DECOY,COc1cccc(-c2cn(Cc3c(F)cccc3S(C)(=O)=O)c(=O)n(C[C@H](N)c3ccccc3)c2=O)c1F,0.0,0,0.0,0
DECOY,CC(C)Oc1cc(Nc2nc(N[C@@H](C)c3ccc(F)cc3)c(C#N)cc2F)n[nH]1,0.0,0,0.0,0
DECOY,CNc1cc(-c2cc(C(N)=O)n(-c3cc(C(F)(F)F)ccc3Cl)c2)ncn1,0.0,0,0.0,0
DECOY,CC(C)CC(C(=O)NO)N(Cc1ccccc1)S(=O)(=O)c1c(F)c(F)c(F)c(F)c1F,0.0,0,0.0,0
DECOY,COc1ccc2[nH]cc(CCNc3ccnc(-c4ccccc4C(F)(F)F)n3)c2c1,0.0,0,0.0,0
DECOY,Cc1cc(N2CCOCC2)cc2[nH]c(-c3c(NC[C@@H](O)c4cccc(Cl)c4)cc[nH]c3=O)nc12,0.0,0,0.0,0
DECOY,CCCCN1CC(=O)N2[C@@H](c3ccc(Cl)cc3Cl)c3[nH]c4ccccc4c3C[C@@H]2C1=O,0.0,0,0.0,0
DECOY,O=C(c1[nH]o[n+](=O)c1C(=O)c1csc2ccccc12)c1csc2ccccc12,0.0,0,0.0,0
DECOY,CC1(C)C(=O)Nc2nc(-c3nn(Cc4ccccc4F)c4ncc(F)cc34)nc(CN3CCCC3=O)c21,0.0,0,0.0,0
DECOY,COc1cccc(-c2cn(Cc3c(F)cccc3F)c(=O)n(C[C@H](NCCCC(=O)O)c3ccccc3)c2=O)c1F,0.0,0,0.0,0
DECOY,c1ccc(Cn2nnnc2C(c2ccc(Cn3cncn3)cc2)N2CCCN(C3CCC3)CC2)cc1,0.0,0,0.0,0
DECOY,c1ccc(-c2ccc(CN3C[C@@H]4C(c5ccccc5)C5(c6cccnc6)CC4(C5)[C@H]3c3ccccc3)cc2)cc1,0.0,0,0.0,0
DECOY,C[C@H](CCC(=O)Oc1ccc2nc(S(N)(=O)=O)sc2c1)[C@H]1CC[C@H]2[C@@H]3CC[C@@H]4C[C@H](O)CC[C@]4(C)[C@H]3C[C@H](O)[C@]12C,0.0,0,0.0,0
DECOY,NS(=O)(=O)c1ccc(NC(=O)CCN2CCC(Cc3ccccc3)CC2)cc1,0.0,0,0.0,0
DECOY,CC1(C)C(=O)Nc2nc(-n3nc(Cc4ccccc4F)c4ccccc43)ncc21,0.0,0,0.0,0
DECOY,CC(C)Cn1c(=O)n(C)c(=O)c2c(C(=O)N3C[C@H](O)CO3)c(Cc3ccccc3C(F)(F)F)sc21,0.0,0,0.0,0
DECOY,CCc1ccc([C@H]2c3[nH]c4ccccc4c3C[C@@H]3C(=O)N(CC)C(=O)N23)s1,0.0,0,0.0,0
DECOY,CCN(CC)CCN(Cc1ccc(-c2ccc(Cl)cc2)cc1)C(=O)Cn1c(SCc2ccc(F)cc2)nc(=O)c2c1CCCC2,0.0,0,0.0,0
DECOY,Cc1nc2c(=O)n(Cc3ccccc3)nc(C(C)C)c2c2cc(-c3ccccc3)nn12,0.0,0,0.0,0
DECOY,Cn1nc(-c2ccc(Cl)cc2)s/c1=N\c1cccc(C(=O)O)c1O,0.0,0,0.0,0
DECOY,NS(=O)(=O)c1nnc(NS(=O)(=O)c2ccc(NCc3cc(=O)oc4cc(Cl)ccc34)cc2)s1,0.0,0,0.0,0
DECOY,CCCc1nn(C)c2c(=O)[nH]c(-c3cc(NC4CCC(C(=O)NO)CC4)ccc3OCC)nc12,0.0,0,0.0,0
DECOY,N#C[C@H]1C[C@@H](NC2CCOCC2)CCC1n1cc(C(N)=O)c(Nc2ccc(Cl)cc2)n1,0.0,0,0.0,0
DECOY,COc1ccc(CNc2ncnc3ccc(-c4ccc(C(=O)N(C)C)cc4)cc23)c(OC)c1,0.0,0,0.0,0
DECOY,CC(=O)N1CCN(c2nncc3cc(-c4c(C)ccc5c(NC6CC6)noc45)ccc23)[C@@H](C)C1,0.0,0,0.0,0
DECOY,COC(=O)c1ccccc1OCc1nc2c(cnn2-c2ccccc2)c(=O)[nH]1,0.0,0,0.0,0
DECOY,CN(c1ncnc2[nH]ccc12)[C@H]1CC[C@H](CS(=O)(=O)N2CC[C@H](CC#N)C2)CC1,0.0,0,0.0,0
DECOY,COc1cccc(-c2cc(C(N)=O)c3[nH]c4cc(C(=O)N5CCOCC5)ccc4c3c2)c1,0.0,0,0.0,0
DECOY,COc1cc(/C=C2\CC/C(=C\c3cc(OC)c(O)c(OC)c3)C2=O)cc(OC)c1O,0.0,0,0.0,0
DECOY,C[C@H](CCC(=O)OCCc1ccc(S(N)(=O)=O)cc1)[C@H]1CC[C@H]2[C@@H]3[C@H](O)C[C@@H]4C[C@H](O)CC[C@]4(C)[C@H]3CC[C@]12C,0.0,0,0.0,0
DECOY,CN(C)CCNC(=O)c1cnc(N)c2cc(-c3ccc(S(=O)(=O)NC(C)(C)C)cc3)sc12,0.0,0,0.0,0
DECOY,CNc1nc2ccccc2n1Cc1sc2c(c1C(=O)N1CCC1)c(=O)n(C)c(=O)n2CC(C)C,0.0,0,0.0,0
DECOY,CC(C)C[C@H](NCC(N)=O)c1cc(F)ccc1N1CCN(C(=O)[C@@H](Cc2ccc(Cl)cc2Cl)N2CCCC2=O)CC1,0.0,0,0.0,0
DECOY,O=C(Nc1nc2cccc(-c3ccc(CN4CCOCC4)cc3)n2n1)C1CC1,0.0,0,0.0,0
DECOY,Cc1cc(N2CCOCC2)cc2[nH]c(-c3c(NCCn4cc(Cl)cn4)cc[nH]c3=O)nc12,0.0,0,0.0,0
DECOY,CC(C)CS(=O)(=O)N1C[C@@H](C)C[C@H](Nc2ncccc2-c2cnc3[nH]ccc3n2)C1,0.0,0,0.0,0
DECOY,N#C[C@H]1CCCCC1n1cc(C(N)=O)c(Nc2ccc(S(=O)(=O)C(F)F)cc2)n1,0.0,0,0.0,0
DECOY,C=CC(=O)Nc1cccc(CNc2nc(Nc3cnn(CCO)c3)ncc2Cl)c1,0.0,0,0.0,0
DECOY,COCC(=O)O[C@]1(CCN(C)CCCc2nc3ccccc3[nH]2)CCc2cc(F)ccc2[C@@H]1C(C)C,0.0,0,0.0,0
DECOY,CCN1C(=O)c2c(nc(C#Cc3ccccc3)n2Cc2ccc(OC)cc2)N2C[C@@H](Cc3ccccc3)N=C12,0.0,0,0.0,0
DECOY,Cc1ccc(Cn2nc(-c3nnc4c(n3)NC(=O)C4(C)C)c3cc(F)c(C)nc32)c(F)c1F,0.0,0,0.0,0
DECOY,CCN(CC)CCN(Cc1ccc(-c2ccc(C(F)(F)F)cc2)cc1)C(=O)Cn1cc(SC)c(=O)nc1SCc1ccc(F)cc1,0.0,0,0.0,0
DECOY,CCN(CC)CCCNC(=O)c1cnc(N)c2c(-c3ccc(NC(=O)Nc4cccc(C)c4)cc3)csc12,0.0,0,0.0,0
DECOY,N#Cc1ccc(C23CC4(C2)[C@H](CN(Cc2cccnc2)[C@@H]4c2ccccc2)C3c2ccccc2)cc1,0.0,0,0.0,0
DECOY,COc1ccc(CCc2cc(=O)c3cc(O)c(O[C@@H]4c5oc(CCc6ccccc6)cc(=O)c5[C@H](O)[C@@H](O)[C@H]4O)cc3o2)cc1,0.0,0,0.0,0
DECOY,CC(C)(C(=O)O)c1ccc(Nc2nn([C@H]3CCC(N4CCC4)C[C@@H]3C#N)cc2C(N)=O)cc1,0.0,0,0.0,0
DECOY,CC1(C)C2CCCC1(C)[C@@H]2Nc1nc2cc[nH]c(=O)c2c2cc(F)ccc12,0.0,0,0.0,0
DECOY,COc1ccc(C(=O)Nc2ccccc2C(=O)c2ccccc2)cc1OC1CCCC1,0.0,0,0.0,0
DECOY,CC1([C@@H]2COC[C@H](COC(=O)N3CCN(C(C)(C)CO)CC3)N2S(=O)(=O)c2ccc(Cl)cc2)CC1,0.0,0,0.0,0
DECOY,Cc1occc1-c1nc(N)c(OC[C@@H](N)Cc2c(C(N)=O)[nH]c3ccccc23)cc1-c1cnc2[nH]nc(C)c2n1,0.0,0,0.0,0
DECOY,Cc1cc2c(F)c(Oc3ncnn4cc(OCCC5CCN(C)CC5)c(C)c34)ccc2[nH]1,0.0,0,0.0,0
DECOY,CCCCCCCCCC(=O)NC1Cc2ccc(S(N)(=O)=O)cc2C1,0.0,0,0.0,0
DECOY,CNC(=O)COc1cccc(Nc2ncc(F)c(Nc3ccc4c(c3)NC(=O)C(F)(F)O4)n2)c1,0.0,0,0.0,0
DECOY,CC1(CC(=O)NCCNc2ccnc3cc(Cl)ccc23)CC2(CCCCC2)OO1,0.0,0,0.0,0
DECOY,C[C@H](CCC(=O)Oc1ccc2nc(S(N)(=O)=O)sc2c1)[C@H]1CC[C@H]2[C@@H]3[C@@H](O)C[C@@H]4C[C@H](O)CC[C@]4(C)[C@H]3CC[C@]12C,0.0,0,0.0,0
DECOY,CCN1CCN(c2cc(C)c3nc(-c4c(NC[C@@H](O)c5cccc(Cl)c5)cc[nH]c4=O)[nH]c3c2)CC1,0.0,0,0.0,0
DECOY,C[C@H](N)C(=O)Nc1ccc(-c2ccnc(Nc3ccc(N4CCOCC4)cc3)n2)cc1,0.0,0,0.0,0
DECOY,N#C[C@H]1C[C@H](NC2(O)CC2)CCC1n1cc(C(N)=O)c(Nc2ccc(Cl)cc2)n1,0.0,0,0.0,0
DECOY,O=C1C2Cc3c([nH]c4ccccc34)C(c3ccc4c(c3)OCO4)N2C(=O)CN1C1CCCCC1,0.0,0,0.0,0
DECOY,N#Cc1cccc(C#N)c1-c1nc2c3ccc(Cl)cc3c3ccccc3c2[nH]1,0.0,0,0.0,0
DECOY,CCN1C[C@H]2C[C@@H](N(Cc3ccc(F)c(C(F)(F)F)c3)C(=O)c3cn(C)cn3)C[C@H]2C1,0.0,0,0.0,0
DECOY,CN1C/C=C/CCOc2cc(F)cc(c2)-c2ccnc(n2)Nc2cccc(c2)C1,0.0,0,0.0,0
DECOY,C[C@H](Nc1cc(-c2cccc(C#N)c2)nc(-n2cnc3ccncc32)n1)c1ccccc1,0.0,0,0.0,0
DECOY,CC(C)[C@H](NC(=O)N(C)Cc1ccccn1)C(=O)N[C@@H](Cc1ccccc1)C[C@@H](O)[C@H](Cc1ccccc1)NC(=O)[C@@H](NC(=O)N(C)Cc1ccccn1)C(C)C,0.0,0,0.0,0
DECOY,N#C[C@@H]1CCCC[C@@H]1n1cc(C(N)=O)c(Nc2ccc(S(=O)(=O)C(F)(F)F)cc2)n1,0.0,0,0.0,0
DECOY,COc1ccc(N2C(=O)[C@@H](Cc3ccc(OCCc4nc(-c5ccccc5)oc4C)cc3)[C@H]2C(=O)O)cc1,0.0,0,0.0,0
DECOY,CC[C@]1(O)C[C@@H]2CN(CCc3c([nH]c4ccccc34)[C@@](C(=O)OC)(c3cc4c(cc3OC)N(C)[C@H]3[C@@](O)(C(=O)OC)[C@H](OC(C)=O)[C@]5(CC)C=CCN6CC[C@]43[C@@H]65)C2)C1,0.0,0,0.0,0
DECOY,CC1(C)C(=O)Nc2nc(-c3nn(Cc4ccccc4F)c4cc(Cl)ccc34)nnc21,0.0,0,0.0,0
DECOY,CN1CCC(N(c2nc3cc[nH]c(=O)c3c3cc(F)ccc23)C2CC2)CC1,0.0,0,0.0,0
DECOY,COc1cccc(-c2cn(Cc3c(F)cccc3C(F)(F)F)c(=O)n(C[C@H](N)c3ccccc3)c2=O)c1F,0.0,0,0.0,0
DECOY,O=C1[C@H]2Cc3c([nH]c4ccccc34)[C@@H](c3ccc4c(c3)OCO4)N2C(=O)CN1[C@@H]1CCN(Cc2ncc[nH]2)C1,0.0,0,0.0,0
DECOY,Cn1cc(-c2ccc3c(c2)[nH]c2c(C(N)=O)ccc(NC4CCCCC4)c23)cn1,0.0,0,0.0,0
DECOY,COCCOC1CCC(n2nc(-c3ccc(Nc4nc5cc(C)cc(Cl)c5o4)cc3)c3c(N)ncnc32)CC1,0.0,0,0.0,0
DECOY,N#Cc1c(N)nc(SCC(=O)Nc2ccc(F)cc2)c(C#N)c1-c1ccccc1,0.0,0,0.0,0
DECOY,NS(=O)(=O)c1ccc(CCNc2nc(Oc3ccccc3)nc(Oc3ccccc3)n2)cc1,0.0,0,0.0,0
DECOY,Cc1cc(Nc2nc(N[C@@H](C)c3ccc(F)cn3)c(F)c(N3CCNCC3)n2)n[nH]1,0.0,0,0.0,0
DECOY,O=c1cc(OCc2ccccc2)ccn1-c1ccc2c(cnn2CC2=NCCN2)c1,0.0,0,0.0,0
DECOY,NS(=O)(=O)c1ccc(COC(=O)C(F)(F)C(F)(F)C(F)(F)C(F)(F)C(F)(F)C(F)(F)C(F)(F)C(F)(F)F)cc1,0.0,0,0.0,0
DECOY,N#Cc1ccccc1Cn1c(N2CCCC(N)C2)nc2c(Cl)cccc2c1=O,0.0,0,0.0,0
DECOY,C[C@H](N[C@H]1CC[C@H](n2cc(C(N)=O)c(Nc3ccc(Cl)cc3)n2)[C@@H](C#N)C1)C1CC1,0.0,0,0.0,0
DECOY,Cc1cnc(Nc2ccc(OCCN3CCCC3)cc2)nc1Nc1cccc(S(=O)(=O)NC(C)(C)C)c1,0.0,0,0.0,0
DECOY,N#C[C@H]1CCCCC1n1cc(C(N)=O)c(Nc2ccc(S(=O)(=O)C(F)F)c(CO)c2)n1,0.0,0,0.0,0
DECOY,C[C@H](CCC(=O)NN)[C@@H]1CC[C@@H]2[C@H]3CC[C@H]4C[C@@H](O)CC[C@@]4(C)[C@@H]3CC[C@]21C,0.0,0,0.0,0
DECOY,C[C@H](CCC(=O)OCCc1ccc(S(N)(=O)=O)cc1)[C@H]1CC[C@H]2[C@@H]3CC[C@@H]4C[C@H](O)CC[C@]4(C)[C@H]3CC[C@]12C,0.0,0,0.0,0
DECOY,CCn1ncc2c(NCc3ccc(OC)c(Cl)c3)c(C(=O)O)cnc21,0.0,0,0.0,0
DECOY,CN1CCN(c2ccc(Nc3ncc4ccc(-c5cccc(S(=O)(=O)NC(C)(C)C)c5)n4n3)cc2Cl)CC1,0.0,0,0.0,0
DECOY,C[C@H](CCC(=O)Nc1ccc(S(N)(=O)=O)cc1I)[C@H]1CC[C@H]2[C@@H]3[C@@H](O)C[C@@H]4C[C@H](O)CC[C@]4(C)[C@H]3CC[C@]12C,0.0,0,0.0,0
DECOY,CCOCCn1nc(C)c2nc(NCC3CCNCC3)nc(Nc3cc(C)ccn3)c21,0.0,0,0.0,0
DECOY,COc1cnc(C(F)(F)F)cc1-c1nn(CC(C)(C)O)cc1NC(=O)c1cnn2cccnc12,0.0,0,0.0,0
DECOY,CCN1C(=O)[C@H]2Cc3c([nH]c4ccccc34)[C@H](c3ccc(Cl)c(Cl)c3)N2C1=O,0.0,0,0.0,0
DECOY,Cc1nc2ccc(N(C)c3ccnc(Nc4cccc(S(N)(=O)=O)c4)n3)cc2n1C,0.0,0,0.0,0
DECOY,CN1CCN(c2ccc(Nc3ncc4ccc(-c5cccc(S(=O)(=O)NC(C)(C)C)c5)n4n3)cc2F)CC1,0.0,0,0.0,0
DECOY,N#C[C@@H]1CCCC[C@H]1n1cc(C(N)=O)c(Nc2ccc(S(=O)(=O)Nc3ccccn3)cc2)n1,0.0,0,0.0,0
DECOY,Cc1ccc2c(-c3nnc4c(n3)NC(=O)C4(C)C)nn(Cc3ccc(C)c(F)c3F)c2n1,0.0,0,0.0,0
DECOY,CCCCOc1ncc(C(C)=O)cc1-c1nc(O)c2nn(C3CNC3)c(CC)c2n1,0.0,0,0.0,0
DECOY,COc1cccc(CNc2cccn3nc(Nc4ccc(OC)nc4)nc23)c1,0.0,0,0.0,0
DECOY,Cc1nc2c(cc1F)c(-c1ncc3c(n1)NC(=O)C3(C)C)nn2Cc1ccccc1F,0.0,0,0.0,0
DECOY,O=c1c2ccccc2oc2c(Cc3ccc(C(F)(F)F)cc3)[nH]c(-c3nccs3)c12,0.0,0,0.0,0
DECOY,CCN1C(=O)C2Cc3c([nH]c4ccccc34)C(c3ccc(OC)cc3)N2C1=O,0.0,0,0.0,0
DECOY,C#Cc1cccc(Nc2ncnc3cc(OCCOC)c(OCCOC)cc23)c1,0.0,0,0.0,0
DECOY,Cc1ccc(Cl)cc1-c1[nH]c(-c2ccnc(N)n2)cc1C(=O)NCCF,0.0,0,0.0,0
DECOY,Cc1ccc(-c2cc(C(F)(F)F)nn2-c2ccc(S(N)(=O)=O)cc2)cc1,0.0,0,0.0,0
DECOY,CC(C)(C)OC(=O)N[C@H](Cc1ccccc1C(F)(F)F)C(=O)NCc1nc2cccnc2n1CC1CC1,0.0,0,0.0,0
DECOY,CCc1c2nc(-c3cc(C(C)=O)cnc3OCC(C)C)nc(O)c2nn1C1CN(C)C1,0.0,0,0.0,0
DECOY,CCCOc1ccc(S(=O)(=O)N2CCN(C)CC2)cc1-c1nc(C(C)C)c(Br)c(=O)[nH]1,0.0,0,0.0,0
DECOY,CC(F)CN1C[C@H]2C[C@@H](N(Cc3cccc(OC(F)(F)F)c3)C(=O)c3cn(C)cn3)C[C@H]2C1,0.0,0,0.0,0
DECOY,Cc1ccc(F)cc1Cn1c(N2CCC[C@@](C)(N)C2)cc2ncn(C)c(=O)c21.Cl,0.0,0,0.0,0
DECOY,O=C(c1cccc(Cl)c1)c1cc(Cc2ccc(=O)[nH]n2)cc2ccoc12,0.0,0,0.0,0
DECOY,COc1ccc(NS(=O)(=O)c2ccc(Br)cc2)cc1N1CCN(C)CC1,0.0,0,0.0,0
DECOY,O=C(C(O)c1ccc(Br)cc1)N1CCN(c2ccc3[nH]ncc3c2)CC1,0.0,0,0.0,0
DECOY,COc1ccc(CNc2nnc(-n3ccnc3)c3ccc(C#N)cc23)cc1Cl.Cl,0.0,0,0.0,0
DECOY,Cc1cccc(C)c1CNc1cc(-n2ccccc2=O)cn2c(C)c(C)nc12,0.0,0,0.0,0
DECOY,COc1ccccc1Nc1nc2c(-c3cccc(C(F)(F)F)c3)cccn2n1,0.0,0,0.0,0
DECOY,CNC(=O)c1cnc(N)c2c(-c3ccc(NC(=O)Nc4cc(C)ccc4F)cc3)csc12,0.0,0,0.0,0
DECOY,COc1ccc(CNc2nnc(N3CC[S+]([O-])CC3)c3ccc(C#N)cc23)cc1Cl.Cl,0.0,0,0.0,0
DECOY,COc1cc2cc(CO)cc(-c3ccnc(-n4nc(-c5cccnc5)c5ccccc5c4=O)c3)c2cc1OC.Cl,0.0,0,0.0,0
DECOY,CNC(=O)c1cc(Oc2ccc(NC(=O)Nc3cccc(C(F)(F)F)c3)cc2)ccn1,0.0,0,0.0,0
DECOY,CCCOc1ccc(S(=O)(=O)N2CCN(CC)CC2)cc1-c1nc(O)c2cc3c(cc2n1)ncn3Cc1cccc(OC)c1,0.0,0,0.0,0
DECOY,Cc1cnc(CNc2ncnc3ccc(-c4ccc5c(c4)OCO5)cc23)cn1,0.0,0,0.0,0
DECOY,O=C(O)CCCN[C@@H](Cn1c(=O)c(-c2ccccc2Cl)cn(Cc2c(F)cccc2F)c1=O)c1ccccc1,0.0,0,0.0,0
DECOY,COc1cc2cc(CO)c(CO)c(-c3ccnc(-n4nc(-c5ccncc5)c5ccccc5c4=O)c3)c2cc1OC.Cl,0.0,0,0.0,0
DECOY,N#C[C@H]1CCCC[C@@H]1n1cc(C(N)=O)c(Nc2ccc(C(F)(F)F)cc2)n1,0.0,0,0.0,0
DECOY,Br.CCCCn1c(=N)n(CC(=O)c2ccc(Br)s2)c2ccccc21,0.0,0,0.0,0
DECOY,O=C(C1CCN(Cc2ccncc2)CC1)N1CCC(n2c(=O)n(CCN3CCOCC3)c3ccccc32)CC1,0.0,0,0.0,0
DECOY,CN(C)C(=O)c1ccc(Nc2nc3cccc(-c4ccc(C(=O)N5CCOCC5)cc4)c3o2)cc1,0.0,0,0.0,0
DECOY,COc1ccc(-c2ccc(C(=O)N3Cc4c(nc5ccccc5c4O)C3c3ccc4c(c3)OCO4)o2)cc1,0.0,0,0.0,0
DECOY,CC(C)=CCC[C@]1(C)[C@@H](CC=C(C)C)C[C@]2(CC=C(C)C)C(=O)C(CC=C(C)C)=C(O)[C@@]1(C(=O)C(C)C)C2=O,0.0,0,0.0,0
DECOY,COc1ccc(CNc2nc(N3CC4CC4C3)ncc2C(=O)NCc2ncccn2)cc1Cl,0.0,0,0.0,0
DECOY,N#Cc1ccccc1Cn1c(N2CCC[C@@H](N)C2)nc2ccc(Cl)cc2c1=O,0.0,0,0.0,0
DECOY,COc1ccccc1-c1ccc2cnc(Nc3ccc(S(=O)(=O)N(C)C)cc3)nn12,0.0,0,0.0,0
DECOY,COC(=O)[C@@H]1Cc2c([nH]c3ccccc23)[C@H](c2c(Cl)cccc2Cl)N1C(=O)CCl,0.0,0,0.0,0
DECOY,CCN(C)[C@H](C)[C@@H](c1ccc2cc(OCC3(C(=O)O)CCCC3)ccc2c1)n1ccnc1,0.0,0,0.0,0
DECOY,Cc1ncc(-c2cnc(N3CCc4c([nH]c5ccccc45)C3c3ccc4c(c3)CCO4)nc2)n1C,0.0,0,0.0,0
DECOY,O=S(=O)(Nc1cc(Cl)cnc1Oc1cncc(Cl)c1)c1ccc(Cl)c(Cl)c1,0.0,0,0.0,0
DECOY,CNc1nc(C)c(-c2ccnc(Nc3ccc(N4CCNCC4)cc3)n2)s1,0.0,0,0.0,0
DECOY,Cc1ccccc1-c1nncc2cc(-c3c(C)ccc4c(NC5CC5)noc34)ccc12,0.0,0,0.0,0
DECOY,CC(O)c1cc(Cl)c(Nc2nc3ccncc3c3c(=O)[nH]ccc23)c(Cl)c1,0.0,0,0.0,0
DECOY,Cc1cc2ncc(=O)n(CC(=O)N3CCCC(c4ccccc4)C3CN3CCOCC3)c2cc1C,0.0,0,0.0,0
DECOY,CCCCOc1ncc(C(C)=O)cc1-c1nc(O)c2nn(C3CCN(C)CC3)c(CC)c2n1,0.0,0,0.0,0
DECOY,CCN1C(=O)c2c(nc(OC)n2Cc2ccc(OC)c(Cl)c2)N2C[C@@H](Cc3ccccc3)N=C12,0.0,0,0.0,0
DECOY,COc1cc(C[C@@H]2COC(=O)[C@H]2Cc2cc(OC)c(O)c(OC)c2)ccc1O,0.0,0,0.0,0
DECOY,CN(c1ncnc2[nH]ccc12)[C@H]1C[C@@H](CS(=O)(=O)c2ccc(F)c(Cl)c2)C1,0.0,0,0.0,0
DECOY,CN1CCN(S(=O)(=O)c2ccc(Nc3nc(NCc4ccccc4)c4ccccc4n3)cc2)CC1,0.0,0,0.0,0
DECOY,O=C(N[C@@H](Cc1ccccc1)CN(Cc1cccnc1)C[C@H](Cc1ccccc1)NC(=O)OCc1nccs1)OCc1cncs1,0.0,0,0.0,0
DECOY,N#CCCn1c(=O)c(CCc2ccccc2)nc2cnc(Nc3ccccc3)nc21,0.0,0,0.0,0
DECOY,N#C[C@H]1C[C@H](N2CCC2)CC[C@@H]1n1cc(C(N)=O)c(Nc2ccc(Cl)c(F)c2)n1,0.0,0,0.0,0
DECOY,CC(C)S(=O)(=O)c1ccc(-c2cccn3nc(Nc4cccc(N5CCN(C)CC5)c4)nc23)cc1,0.0,0,0.0,0
DECOY,C[C@H](CCC(=O)NCCC(=O)Nc1nnc(S(N)(=O)=O)s1)[C@H]1CC[C@H]2[C@@H]3CC[C@@H]4C[C@H](O)CC[C@]4(C)[C@H]3C[C@H](O)[C@]12C,0.0,0,0.0,0
DECOY,COc1ccc2c(OCc3nnc4ccc(-c5ccccc5)nn34)ccnc2c1,0.0,0,0.0,0
DECOY,NS(=O)(=O)c1ccc(NC(=O)CN(CCN(CC(=O)O)c2ccccc2O)c2ccccc2O)c(Cl)c1,0.0,0,0.0,0
DECOY,COc1ccc(C2CC(c3ccccc3C)=NN2c2ccc(C(=O)O)cc2)cc1,0.0,0,0.0,0
DECOY,Cc1cc2c(F)c(Oc3ncnn4cc(OCCN5CC[C@H](O)C5)c(C)c34)ccc2[nH]1,0.0,0,0.0,0
DECOY,COc1ccc(C2=NN(Cc3ccccc3)C(=O)CC2)c2cc(C(C)C)nn12,0.0,0,0.0,0
DECOY,O=C(OC1([C@H]2COC[C@@H](CC3CC3)N2S(=O)(=O)c2ccc(Cl)cc2)CC1)N1CCC2(CCN2)CC1,0.0,0,0.0,0
DECOY,CCCOc1ccc(NC(C)=O)cc1-c1nc2c(c(C)nn2CC)c(=O)[nH]1,0.0,0,0.0,0
DECOY,COc1cc(C2=NC(c3ccc(Cl)cc3F)C(C(=O)Nc3ccc4[nH]ncc4c3)=C(C)N2)ccn1,0.0,0,0.0,0
DECOY,COc1ccc(Cn2c(=O)n(C3CCN(C(=O)C4CCN(Cc5ccncc5)CC4)CC3)c3ccccc32)cc1,0.0,0,0.0,0
DECOY,O=C(c1cccnc1)N1Cc2c(nc3ccccc3c2O)C1c1ccc2c(c1)OCO2,0.0,0,0.0,0
DECOY,CCCCN1C(=O)[C@H]2Cc3c([nH]c4ccccc34)[C@H](c3ccccc3)N2C1=O,0.0,0,0.0,0
DECOY,C/C(=C(\CCOP(=O)(O)O)SC(=O)c1ccccc1)N(C=O)Cc1cnc(C)nc1N,0.0,0,0.0,0
DECOY,CC1(N[C@H]2CCC(n3cc(C(N)=O)c(Nc4ccc(Cl)cc4)n3)[C@@H](C#N)C2)CC1,0.0,0,0.0,0
DECOY,CC(C)(O)CCc1ccc(OCc2cc(-c3cccc(OC(F)F)c3)c3ncccc3c2)cc1,0.0,0,0.0,0
DECOY,CCc1nc2c(=O)n(Cc3ccccc3)nc(C)c2c2cc(-c3ccccc3)nn12,0.0,0,0.0,0
DECOY,CC(C)[C@H](NC(=O)N(C)Cc1ccccn1)C(=O)N[C@@H](Cc1ccccc1)[C@H](O)[C@H](O)[C@H](Cc1ccccc1)NC(=O)[C@@H](NC(=O)N(C)Cc1ccccn1)C(C)C,0.0,0,0.0,0
DECOY,CCn1ncc2c(NCc3ccc(OC)c(Cl)c3)c(C(=O)NCc3ccncc3)cnc21,0.0,0,0.0,0
DECOY,NS(=O)(=O)c1ccc(NC(=O)CN(CCN(CC(=O)O)c2ccccc2O)c2ccccc2O)c(I)c1,0.0,0,0.0,0
DECOY,N#C[C@H]1CCCC[C@@H]1n1cc(C(N)=O)c(Nc2ccnc(C(F)(F)F)c2)n1,0.0,0,0.0,0
DECOY,COc1cccc(-c2cccn3nc(Nc4ccc(C5CCNCC5)cc4)nc23)c1,0.0,0,0.0,0
DECOY,CN1CCN(c2cccc(Nc3nc4c(-c5ccc(S(C)(=O)=O)cc5)cccn4n3)c2)CC1,0.0,0,0.0,0
DECOY,CCN1C(=O)[C@@H]2Cc3c([nH]c4ccccc34)[C@@H](c3ccccc3Br)N2C1=S,0.0,0,0.0,0
DECOY,Cc1nc(NC(=O)c2cccc(COc3ccccc3)n2)sc1C(=O)NO,0.0,0,0.0,0
DECOY,COc1ncc(CNc2c(CO)cnc3c(C4CC4)cc(C#N)cc23)cc1Cl,0.0,0,0.0,0
DECOY,CN1CCN(CCCN2c3ccccc3Sc3ccc(C(F)(F)F)cc32)CC1.Cl,0.0,0,0.0,0
DECOY,Cc1c[nH]c2c(Nc3nc(N[C@@H]4CCCC[C@@H]4N)cc4nc[nH]c(=O)c34)cccc12,0.0,0,0.0,0
DECOY,C[C@H](CCC(=O)OCc1ccc(S(N)(=O)=O)cc1)[C@H]1CC[C@H]2[C@@H]3[C@H](O)C[C@@H]4C[C@H](O)CC[C@]4(C)[C@H]3C[C@H](O)[C@]12C,0.0,0,0.0,0
DECOY,COc1ccc(Cn2c(C3CCCN(C4CCCCC4)C3)nc3ccccc32)cc1,0.0,0,0.0,0
DECOY,Cc1c(NC(=O)c2ccc(C(C)(C)C)cc2)cccc1-c1nc(Nc2ccc(C(=O)N3CCOCC3)cc2)c2nc[nH]c2n1,0.0,0,0.0,0
DECOY,CCCCCCCC1O[C@H](CC/C(C)=C/COc2c3ccoc3cc3oc(=O)ccc23)C(C)(C)O1,0.0,0,0.0,0
DECOY,Cc1nn(Cc2ccccc2)c(=O)c2nc(C)n3nc(-c4ccc(Cl)cc4)cc3c12,0.0,0,0.0,0
DECOY,NS(=O)(=O)c1ccc(NS(=O)(=O)c2c(F)c(F)c(F)c(F)c2F)c(I)c1,0.0,0,0.0,0
DECOY,C[C@H](CCC(=O)OCCOc1ccc2nc(S(N)(=O)=O)sc2c1)[C@H]1CC[C@H]2[C@@H]3[C@H](O)C[C@@H]4C[C@H](O)CC[C@]4(C)[C@H]3C[C@H](O)[C@]12C,0.0,0,0.0,0
DECOY,Cc1nc(-c2ccc(-c3ccc(C(=O)N4CCc5cc6c(cc54)C4(CCN(C)CC4)CO6)cc3)c(C)c2)no1,0.0,0,0.0,0
DECOY,CCc1nc(N)nc(N)c1-c1ccc2c(c1)N(CCCOC(F)(F)F)C(=O)C(C)(c1cc(F)cc(F)c1)O2,0.0,0,0.0,0
DECOY,COc1ccccc1COCCCOc1ccc(N2C(=O)CNC[C@@H]2COc2ccc3c(c2)N(CCCO)CCC3)cc1,0.0,0,0.0,0
DECOY,NS(=O)(=O)c1nnc(NS(=O)(=O)c2ccc(NS(=O)(=O)C(F)(F)C(F)(F)C(F)(F)C(F)(F)C(F)(F)C(F)(F)C(F)(F)C(F)(F)F)cc2)s1,0.0,0,0.0,0
DECOY,CC1=C(C(=O)N(Cc2cc(=O)[nH]c3c(F)c(F)ccc23)c2cccc(Cl)c2)CNCC1,0.0,0,0.0,0
DECOY,O=[N+]([O-])c1cnc(NCc2ccccc2Cl)nc1NCC1CCNCC1,0.0,0,0.0,0
